id,name,type
UNK:Bobby Fischer,Bobby Fischer,UNK
UNK:Iceland,Iceland,UNK
UNK:Jack Buck,Jack Buck,UNK
UNK:Joe Buck,Joe Buck,UNK
UNK:Iowa,Iowa,UNK
UNK:Des Moines,Des Moines,UNK
UNK:Budapest,Budapest,UNK
UNK:Hungary,Hungary,UNK
UNK:Ohio,Ohio,UNK
UNK:Canton,Canton,UNK
UNK:Germany,Germany,UNK
UNK:Hockenheim,Hockenheim,UNK
UNK:Frank G. Zarb,Frank G. Zarb,UNK
UNK:NASD,NASD,UNK
UNK:Robert R. Glauber,Robert R. Glauber,UNK
UNK:Florida,Florida,UNK
UNK:Boca Raton,Boca Raton,UNK
UNK:Phnom Penh,Phnom Penh,UNK
UNK:Cambodia,Cambodia,UNK
UNK:Asia,Asia,UNK
UNK:India,India,UNK
UNK:Suffolk County,Suffolk County,UNK
UNK:East Hampton,East Hampton,UNK
UNK:Yaphank,Yaphank,UNK
UNK:Queens,Queens,UNK
UNK:Bayside,Bayside,UNK
UNK:Middle Village,Middle Village,UNK
UNK:New York,New York,UNK
UNK:Manhattan,Manhattan,UNK
UNK:La Goulue,La Goulue,UNK
UNK:Paris,Paris,UNK
UNK:Idaho,Idaho,UNK
UNK:Nez Perce National Forest,Nez Perce National Forest,UNK
UNK:Ontario,Ontario,UNK
UNK:Georgian Bay,Georgian Bay,UNK
UNK:Hideki Matsui,Hideki Matsui,UNK
UNK:Japan,Japan,UNK
UNK:Anita Lerman,Anita Lerman,UNK
UNK:Brooklyn,Brooklyn,UNK
UNK:Roslyn,Roslyn,UNK
UNK:Frank Solich,Frank Solich,UNK
UNK:Hannah Arendt,Hannah Arendt,UNK
UNK:Henry Kissinger,Henry Kissinger,UNK
UNK:Franz Beckenbauer,Franz Beckenbauer,UNK
UNK:New York City,New York City,UNK
UNK:Jackson Heights,Jackson Heights,UNK
UNK:Omar Vizquel,Omar Vizquel,UNK
UNK:Caracas,Caracas,UNK
UNK:Omar Minaya,Omar Minaya,UNK
UNK:Europe,Europe,UNK
UNK:Berlin,Berlin,UNK
UNK:Ernst Lubitsch,Ernst Lubitsch,UNK
UNK:Hollywood,Hollywood,UNK
UNK:Ned Lamont,Ned Lamont,UNK
UNK:Connecticut,Connecticut,UNK
UNK:George Allen,George Allen,UNK
UNK:Virginia,Virginia,UNK
UNK:Hudson County,Hudson County,UNK
UNK:Jersey City,Jersey City,UNK
UNK:North Bergen,North Bergen,UNK
UNK:Secaucus,Secaucus,UNK
UNK:Holland Tunnel,Holland Tunnel,UNK
UNK:Kyoto,Kyoto,UNK
UNK:Osaka,Osaka,UNK
UNK:Coney Island,Coney Island,UNK
UNK:Norway,Norway,UNK
UNK:Lillehammer,Lillehammer,UNK
UNK:New London,New London,UNK
UNK:Fort Trumbull,Fort Trumbull,UNK
UNK:Crawford,Crawford,UNK
UNK:Isiah Thomas,Isiah Thomas,UNK
UNK:Chicago,Chicago,UNK
UNK:Amagansett,Amagansett,UNK
UNK:Susan Collins,Susan Collins,UNK
UNK:Maine,Maine,UNK
UNK:Bangkok,Bangkok,UNK
UNK:Thailand,Thailand,UNK
UNK:Venice,Venice,UNK
UNK:Piazza San Marco,Piazza San Marco,UNK
UNK:Fulbright & Jaworski,Fulbright & Jaworski,UNK
UNK:Houston,Houston,UNK
UNK:Aldous Huxley,Aldous Huxley,UNK
UNK:Los Angeles,Los Angeles,UNK
UNK:California,California,UNK
UNK:Anaheim,Anaheim,UNK
UNK:John Smoltz,John Smoltz,UNK
UNK:Atlanta,Atlanta,UNK
UNK:Nelson McCausland,Nelson McCausland,UNK
UNK:Belfast,Belfast,UNK
UNK:Rafik Hariri,Rafik Hariri,UNK
UNK:Lebanon,Lebanon,UNK
UNK:Middle East,Middle East,UNK
UNK:Syria,Syria,UNK
UNK:Farouk al-Sharaa,Farouk al-Sharaa,UNK
UNK:Damascus,Damascus,UNK
UNK:Evan Ziporyn,Evan Ziporyn,UNK
UNK:Massachusetts Institute of Technology,Massachusetts Institute of Technology,UNK
UNK:Haley Barbour,Haley Barbour,UNK
UNK:Mississippi,Mississippi,UNK
UNK:Clyde Kennard,Clyde Kennard,UNK
UNK:Charles Cullen,Charles Cullen,UNK
UNK:Pennsylvania,Pennsylvania,UNK
UNK:Texas,Texas,UNK
UNK:Fort Hood,Fort Hood,UNK
UNK:Alaa al-Tamimi,Alaa al-Tamimi,UNK
UNK:Baghdad,Baghdad,UNK
UNK:Iraq,Iraq,UNK
UNK:Haditha,Haditha,UNK
UNK:University of Southern California,University of Southern California,UNK
UNK:Mount Sinai Hospital,Mount Sinai Hospital,UNK
UNK:Margaret Somerville,Margaret Somerville,UNK
UNK:McGill University,McGill University,UNK
UNK:Jacques Chaoulli,Jacques Chaoulli,UNK
UNK:Montreal,Montreal,UNK
UNK:Addis Ababa,Addis Ababa,UNK
UNK:Ethiopia,Ethiopia,UNK
UNK:Darfur,Darfur,UNK
UNK:Sudan,Sudan,UNK
UNK:Chechnya,Chechnya,UNK
UNK:Russia,Russia,UNK
UNK:Kofi Annan,Kofi Annan,UNK
UNK:United Nations,United Nations,UNK
UNK:Luis Moreno-Ocampo,Luis Moreno-Ocampo,UNK
UNK:Argentina,Argentina,UNK
UNK:Nassau County,Nassau County,UNK
UNK:Baldwin,Baldwin,UNK
UNK:Riverdale,Riverdale,UNK
UNK:Manhattan College,Manhattan College,UNK
UNK:Lawrence O. Gostin,Lawrence O. Gostin,UNK
UNK:Georgetown University,Georgetown University,UNK
UNK:Alabama,Alabama,UNK
UNK:Tuskegee,Tuskegee,UNK
UNK:Charles Barron,Charles Barron,UNK
UNK:Joe Garagiola,Joe Garagiola,UNK
UNK:St. Louis,St. Louis,UNK
UNK:Dayton,Dayton,UNK
UNK:Jim Webb,Jim Webb,UNK
UNK:Bob Corker,Bob Corker,UNK
UNK:Tennessee,Tennessee,UNK
UNK:Memphis,Memphis,UNK
UNK:John Lewis,John Lewis,UNK
UNK:Jim Talent,Jim Talent,UNK
UNK:Missouri,Missouri,UNK
UNK:Greenwich Village,Greenwich Village,UNK
UNK:Bali,Bali,UNK
UNK:Indonesia,Indonesia,UNK
UNK:Southeast Asia,Southeast Asia,UNK
UNK:Boston,Boston,UNK
UNK:Fenway Park,Fenway Park,UNK
UNK:Long Island,Long Island,UNK
UNK:Africa,Africa,UNK
UNK:Rwanda,Rwanda,UNK
UNK:Annandale-on-Hudson,Annandale-on-Hudson,UNK
UNK:Bard College,Bard College,UNK
UNK:Julie Gilhart,Julie Gilhart,UNK
UNK:Barneys New York,Barneys New York,UNK
UNK:Yamamoto,Yamamoto,UNK
UNK:East New York,East New York,UNK
UNK:Mahmoud Ahmadinejad,Mahmoud Ahmadinejad,UNK
UNK:Iran,Iran,UNK
UNK:Trent Lott,Trent Lott,UNK
UNK:Mitch McConnell,Mitch McConnell,UNK
UNK:Kentucky,Kentucky,UNK
UNK:Scarsdale,Scarsdale,UNK
UNK:Valhalla,Valhalla,UNK
UNK:Mount Vernon,Mount Vernon,UNK
UNK:Uniondale,Uniondale,UNK
UNK:Eliot Spitzer,Eliot Spitzer,UNK
UNK:Jacob Hacker,Jacob Hacker,UNK
UNK:Yale University,Yale University,UNK
UNK:Upper East Side,Upper East Side,UNK
UNK:Israel,Israel,UNK
UNK:West Bank,West Bank,UNK
UNK:Hu Jintao,Hu Jintao,UNK
UNK:China,China,UNK
UNK:Ruth Etting,Ruth Etting,UNK
UNK:Brighton Beach,Brighton Beach,UNK
UNK:New Orleans,New Orleans,UNK
UNK:Tulane University,Tulane University,UNK
UNK:France,France,UNK
UNK:Strasbourg,Strasbourg,UNK
UNK:Italy,Italy,UNK
UNK:Florence,Florence,UNK
UNK:Harbin,Harbin,UNK
UNK:Don Hewitt,Don Hewitt,UNK
UNK:CBS News,CBS News,UNK
UNK:Brian Joubert,Brian Joubert,UNK
UNK:Sri Lanka,Sri Lanka,UNK
UNK:Ampara,Ampara,UNK
UNK:Keiko Fujimori,Keiko Fujimori,UNK
UNK:Peru,Peru,UNK
UNK:Alberto Fujimori,Alberto Fujimori,UNK
UNK:Forest Hills,Forest Hills,UNK
UNK:Massachusetts General Hospital,Massachusetts General Hospital,UNK
UNK:Peter Cooper Village,Peter Cooper Village,UNK
UNK:Stuyvesant Town,Stuyvesant Town,UNK
UNK:Ocean County,Ocean County,UNK
UNK:Mayetta,Mayetta,UNK
UNK:Mexico,Mexico,UNK
UNK:San Miguel de Allende,San Miguel de Allende,UNK
UNK:Ceuta,Ceuta,UNK
UNK:Spain,Spain,UNK
UNK:Melilla,Melilla,UNK
UNK:Digium,Digium,UNK
UNK:Mark Spencer,Mark Spencer,UNK
UNK:Munir Said Thalib,Munir Said Thalib,UNK
UNK:Kew Gardens,Kew Gardens,UNK
UNK:Bushwick,Bushwick,UNK
UNK:Westchester County,Westchester County,UNK
UNK:White Plains,White Plains,UNK
UNK:Cross Plains,Cross Plains,UNK
UNK:Freiburg,Freiburg,UNK
UNK:Bill Lockyer,Bill Lockyer,UNK
UNK:Shanghai,Shanghai,UNK
UNK:East China Normal University,East China Normal University,UNK
UNK:Beijing,Beijing,UNK
UNK:Hunan,Hunan,UNK
UNK:Zhejiang,Zhejiang,UNK
UNK:Dongyang,Dongyang,UNK
UNK:British Columbia,British Columbia,UNK
UNK:Vancouver,Vancouver,UNK
UNK:Rashid Khalidi,Rashid Khalidi,UNK
UNK:Ari L. Goldman,Ari L. Goldman,UNK
UNK:Columbia University,Columbia University,UNK
UNK:Mississauga,Mississauga,UNK
UNK:Columbus,Columbus,UNK
UNK:Auburn Hills,Auburn Hills,UNK
UNK:Detroit Pistons,Detroit Pistons,UNK
UNK:Shakira,Shakira,UNK
UNK:Colombia,Colombia,UNK
UNK:Philadelphia,Philadelphia,UNK
UNK:University of Pennsylvania,University of Pennsylvania,UNK
UNK:Hama,Hama,UNK
UNK:Kapurthala,Kapurthala,UNK
UNK:Turkey,Turkey,UNK
UNK:Istanbul,Istanbul,UNK
UNK:Abu Ghraib,Abu Ghraib,UNK
UNK:Tom Brady,Tom Brady,UNK
UNK:New England Patriots,New England Patriots,UNK
UNK:Mosul,Mosul,UNK
UNK:Thomas Rutledge,Thomas Rutledge,UNK
UNK:Cablevision,Cablevision,UNK
UNK:Rupert Murdoch,Rupert Murdoch,UNK
UNK:News Corporation,News Corporation,UNK
UNK:Charles Dolan,Charles Dolan,UNK
UNK:James Dolan,James Dolan,UNK
UNK:Toledo,Toledo,UNK
UNK:Louis Sullivan,Louis Sullivan,UNK
UNK:West Palm Beach,West Palm Beach,UNK
UNK:Pervez Musharraf,Pervez Musharraf,UNK
UNK:Pakistan,Pakistan,UNK
UNK:Hamid Karzai,Hamid Karzai,UNK
UNK:Afghanistan,Afghanistan,UNK
UNK:South America,South America,UNK
UNK:Chile,Chile,UNK
UNK:Yvette D. Clarke,Yvette D. Clarke,UNK
UNK:New England,New England,UNK
UNK:Tokyo,Tokyo,UNK
UNK:Fukuoka,Fukuoka,UNK
UNK:Dirk Nowitzki,Dirk Nowitzki,UNK
UNK:Kojo Annan,Kojo Annan,UNK
UNK:Tony Joe White,Tony Joe White,UNK
UNK:Louisiana,Louisiana,UNK
UNK:Latin America,Latin America,UNK
UNK:Vicente Fox,Vicente Fox,UNK
UNK:Mexico City,Mexico City,UNK
UNK:Chiapas,Chiapas,UNK
UNK:Cintalapa,Cintalapa,UNK
UNK:Enrique Krauze,Enrique Krauze,UNK
UNK:PayPal,PayPal,UNK
UNK:Elon Musk,Elon Musk,UNK
UNK:Paul Allen,Paul Allen,UNK
UNK:Microsoft,Microsoft,UNK
UNK:Petrobras,Petrobras,UNK
UNK:Brazil,Brazil,UNK
UNK:Kyrgyzstan,Kyrgyzstan,UNK
UNK:Kant,Kant,UNK
UNK:Mohammad Khatami,Mohammad Khatami,UNK
UNK:Great Neck,Great Neck,UNK
UNK:Bernd Eichinger,Bernd Eichinger,UNK
UNK:Constantin Film,Constantin Film,UNK
UNK:Suffern,Suffern,UNK
UNK:Crown Heights,Crown Heights,UNK
UNK:Hempstead,Hempstead,UNK
UNK:Piper Jaffray,Piper Jaffray,UNK
UNK:Minneapolis,Minneapolis,UNK
UNK:Cerveteri,Cerveteri,UNK
UNK:Zagreb,Zagreb,UNK
UNK:Croatia,Croatia,UNK
UNK:Serbia,Serbia,UNK
UNK:Novi Sad,Novi Sad,UNK
UNK:Ljubljana,Ljubljana,UNK
UNK:Slovenia,Slovenia,UNK
UNK:Montenegro,Montenegro,UNK
UNK:Ribnica River,Ribnica River,UNK
UNK:Yugoslavia,Yugoslavia,UNK
UNK:Albania,Albania,UNK
UNK:Miami-Dade County,Miami-Dade County,UNK
UNK:Miami Beach,Miami Beach,UNK
UNK:Palm Beach,Palm Beach,UNK
UNK:Flagler Museum,Flagler Museum,UNK
UNK:Albany,Albany,UNK
UNK:Poughkeepsie,Poughkeepsie,UNK
UNK:Ishrat Husain,Ishrat Husain,UNK
UNK:Arizona,Arizona,UNK
UNK:Winslow,Winslow,UNK
UNK:Glassboro,Glassboro,UNK
UNK:Rowan University,Rowan University,UNK
UNK:Waco,Waco,UNK
UNK:Doha,Doha,UNK
UNK:Qatar,Qatar,UNK
UNK:Moscow,Moscow,UNK
UNK:Vladimir Putin,Vladimir Putin,UNK
UNK:William Carlos Williams,William Carlos Williams,UNK
UNK:Rutherford,Rutherford,UNK
UNK:New Jersey,New Jersey,UNK
UNK:Montclair,Montclair,UNK
UNK:Ehud Olmert,Ehud Olmert,UNK
UNK:Tzipi Livni,Tzipi Livni,UNK
UNK:Miami,Miami,UNK
UNK:Eric Ripert,Eric Ripert,UNK
UNK:Le Bernardin,Le Bernardin,UNK
UNK:Franklin Institute Science Museum,Franklin Institute Science Museum,UNK
UNK:Uganda,Uganda,UNK
UNK:Kampala,Kampala,UNK
UNK:Ginza,Ginza,UNK
UNK:Shiodome,Shiodome,UNK
UNK:Bettendorf,Bettendorf,UNK
UNK:Sioux City,Sioux City,UNK
UNK:University of Minnesota,University of Minnesota,UNK
UNK:Kuala Lumpur,Kuala Lumpur,UNK
UNK:Malaysia,Malaysia,UNK
UNK:Delaware,Delaware,UNK
UNK:Brandywine,Brandywine,UNK
UNK:Delaware River,Delaware River,UNK
UNK:Dubrovnik,Dubrovnik,UNK
UNK:Kiev,Kiev,UNK
UNK:Ukraine,Ukraine,UNK
UNK:Odessa,Odessa,UNK
UNK:Czech Republic,Czech Republic,UNK
UNK:Ostrava,Ostrava,UNK
UNK:North Haven,North Haven,UNK
UNK:Storrs,Storrs,UNK
UNK:Windsor Locks,Windsor Locks,UNK
UNK:Upper West Side,Upper West Side,UNK
UNK:New Hyde Park,New Hyde Park,UNK
UNK:Paramus,Paramus,UNK
UNK:Bellmawr,Bellmawr,UNK
UNK:South Plainfield,South Plainfield,UNK
UNK:Manville,Manville,UNK
UNK:Morris County,Morris County,UNK
UNK:Parsippany,Parsippany,UNK
UNK:Tijuana,Tijuana,UNK
UNK:Wayne R. Bryant,Wayne R. Bryant,UNK
UNK:Camden,Camden,UNK
UNK:Taiwan,Taiwan,UNK
UNK:Columbus State Community College,Columbus State Community College,UNK
UNK:Staten Island,Staten Island,UNK
UNK:Louvre,Louvre,UNK
UNK:Alessandro Nesta,Alessandro Nesta,UNK
UNK:Luca Toni,Luca Toni,UNK
UNK:Mount Sinai School of Medicine,Mount Sinai School of Medicine,UNK
UNK:Washington,Washington,UNK
UNK:Seattle,Seattle,UNK
UNK:Washington Heights,Washington Heights,UNK
UNK:Latvia,Latvia,UNK
UNK:Stephen Green,Stephen Green,UNK
UNK:HSBC,HSBC,UNK
UNK:Trenton,Trenton,UNK
UNK:Seoul,Seoul,UNK
UNK:South Korea,South Korea,UNK
UNK:Switzerland,Switzerland,UNK
UNK:Basra,Basra,UNK
UNK:Silvercup Studios,Silvercup Studios,UNK
UNK:King County,King County,UNK
UNK:Redmond,Redmond,UNK
UNK:Silicon Valley,Silicon Valley,UNK
UNK:Santa Clara,Santa Clara,UNK
UNK:San Mateo,San Mateo,UNK
UNK:Tabasco,Tabasco,UNK
UNK:Santiago Creel,Santiago Creel,UNK
UNK:Castleton Corners,Castleton Corners,UNK
UNK:Greenpoint,Greenpoint,UNK
UNK:Perrysburg,Perrysburg,UNK
UNK:Oshawa,Oshawa,UNK
UNK:Toyota,Toyota,UNK
UNK:Pasadena,Pasadena,UNK
UNK:Palo Alto,Palo Alto,UNK
UNK:San Jose,San Jose,UNK
UNK:Michael Bloomberg,Michael Bloomberg,UNK
UNK:Ion Iliescu,Ion Iliescu,UNK
UNK:Romania,Romania,UNK
UNK:Twinsburg,Twinsburg,UNK
UNK:Gary Bertini,Gary Bertini,UNK
UNK:Hudson River,Hudson River,UNK
UNK:Venezuela,Venezuela,UNK
UNK:Hyderabad,Hyderabad,UNK
UNK:Jonathan Gruber,Jonathan Gruber,UNK
UNK:Havana,Havana,UNK
UNK:Cuba,Cuba,UNK
UNK:Gloucester County,Gloucester County,UNK
UNK:Nicole Kidman,Nicole Kidman,UNK
UNK:Australia,Australia,UNK
UNK:Richmond County Bank Ballpark,Richmond County Bank Ballpark,UNK
UNK:George Bodenheimer,George Bodenheimer,UNK
UNK:ESPN,ESPN,UNK
UNK:Cedars-Sinai Medical Center,Cedars-Sinai Medical Center,UNK
UNK:Valencia,Valencia,UNK
UNK:Gerrick McPhearson,Gerrick McPhearson,UNK
UNK:Maryland,Maryland,UNK
UNK:Santana Moss,Santana Moss,UNK
UNK:Manmohan Singh,Manmohan Singh,UNK
UNK:Bangalore,Bangalore,UNK
UNK:Mitt Romney,Mitt Romney,UNK
UNK:Massachusetts,Massachusetts,UNK
UNK:Hauppauge,Hauppauge,UNK
UNK:Little Italy,Little Italy,UNK
UNK:Jakarta,Jakarta,UNK
UNK:Alberta,Alberta,UNK
UNK:Calgary,Calgary,UNK
UNK:Ghazaliya,Ghazaliya,UNK
UNK:Howard Stringer,Howard Stringer,UNK
UNK:Sony,Sony,UNK
UNK:Little Havana,Little Havana,UNK
UNK:Mariel,Mariel,UNK
UNK:Gregg Popovich,Gregg Popovich,UNK
UNK:San Antonio,San Antonio,UNK
UNK:New Haven,New Haven,UNK
UNK:Yale School of Medicine,Yale School of Medicine,UNK
UNK:Baja California,Baja California,UNK
UNK:Alan Rosenberg,Alan Rosenberg,UNK
UNK:Screen Actors Guild,Screen Actors Guild,UNK
UNK:Keren Ann,Keren Ann,UNK
UNK:Netherlands,Netherlands,UNK
UNK:Jordan,Jordan,UNK
UNK:Zarqa,Zarqa,UNK
UNK:England,England,UNK
UNK:Manchester,Manchester,UNK
UNK:Darien,Darien,UNK
UNK:Yorktown Heights,Yorktown Heights,UNK
UNK:Evo Morales,Evo Morales,UNK
UNK:Bolivia,Bolivia,UNK
UNK:Michelle Bachelet,Michelle Bachelet,UNK
UNK:Ottawa,Ottawa,UNK
UNK:Canada,Canada,UNK
UNK:Toronto,Toronto,UNK
UNK:North Carolina,North Carolina,UNK
UNK:Fort Bragg,Fort Bragg,UNK
UNK:Serge Tchuruk,Serge Tchuruk,UNK
UNK:Alcatel,Alcatel,UNK
UNK:Islip,Islip,UNK
UNK:Kazakhstan,Kazakhstan,UNK
UNK:Hong Kong,Hong Kong,UNK
UNK:Claremont,Claremont,UNK
UNK:Scripps College,Scripps College,UNK
UNK:Kirkuk,Kirkuk,UNK
UNK:Harris County,Harris County,UNK
UNK:Leonard Peltier,Leonard Peltier,UNK
UNK:Lakota,Lakota,UNK
UNK:Thomas B. Griffith,Thomas B. Griffith,UNK
UNK:Utah,Utah,UNK
UNK:Wyoming,Wyoming,UNK
UNK:Midwest,Midwest,UNK
UNK:John McCain,John McCain,UNK
UNK:Crowley,Crowley,UNK
UNK:Edwin Edwards,Edwin Edwards,UNK
UNK:Leslie Moonves,Leslie Moonves,UNK
UNK:CBS,CBS,UNK
UNK:San Diego,San Diego,UNK
UNK:Mount Soledad,Mount Soledad,UNK
UNK:Puerto Rico,Puerto Rico,UNK
UNK:Ponce,Ponce,UNK
UNK:Carlos Alvarez,Carlos Alvarez,UNK
UNK:Serra San Bruno,Serra San Bruno,UNK
UNK:Edmonton,Edmonton,UNK
UNK:Rexall Place,Rexall Place,UNK
UNK:Tuscany,Tuscany,UNK
UNK:Montalcino,Montalcino,UNK
UNK:Pienza,Pienza,UNK
UNK:Montepulciano,Montepulciano,UNK
UNK:Siena,Siena,UNK
UNK:Bob Weinstein,Bob Weinstein,UNK
UNK:Miramax Films,Miramax Films,UNK
UNK:Jalal Jalalizadeh,Jalal Jalalizadeh,UNK
UNK:Emilia-Romagna,Emilia-Romagna,UNK
UNK:East Rutherford,East Rutherford,UNK
UNK:Eric Montross,Eric Montross,UNK
UNK:Indianapolis,Indianapolis,UNK
UNK:David Lighty,David Lighty,UNK
UNK:Cleveland,Cleveland,UNK
UNK:Charles Moskos,Charles Moskos,UNK
UNK:Northwestern University,Northwestern University,UNK
UNK:Illinois,Illinois,UNK
UNK:Abraham Lincoln,Abraham Lincoln,UNK
UNK:Schleswig-Holstein,Schleswig-Holstein,UNK
UNK:Kansas,Kansas,UNK
UNK:Fort Leavenworth,Fort Leavenworth,UNK
UNK:New York Medical College,New York Medical College,UNK
UNK:Genoa,Genoa,UNK
UNK:Liverpool,Liverpool,UNK
UNK:American International Group,American International Group,UNK
UNK:Maurice R. Greenberg,Maurice R. Greenberg,UNK
UNK:Enver Hoxha,Enver Hoxha,UNK
UNK:Mehmet Shehu,Mehmet Shehu,UNK
UNK:Christopher Bailey,Christopher Bailey,UNK
UNK:Burberry,Burberry,UNK
UNK:Sam Brownback,Sam Brownback,UNK
UNK:Case Western Reserve University,Case Western Reserve University,UNK
UNK:Jamaica,Jamaica,UNK
UNK:Montego Bay,Montego Bay,UNK
UNK:Knoxville College,Knoxville College,UNK
UNK:Howard Beach,Howard Beach,UNK
UNK:Lake Okeechobee,Lake Okeechobee,UNK
UNK:Richard Wright,Richard Wright,UNK
UNK:Kohat,Kohat,UNK
UNK:Lahore,Lahore,UNK
UNK:George Balanchine,George Balanchine,UNK
UNK:New York City Ballet,New York City Ballet,UNK
UNK:Edison,Edison,UNK
UNK:Bihar,Bihar,UNK
UNK:Harlem,Harlem,UNK
UNK:Charles B. Rangel,Charles B. Rangel,UNK
UNK:Willoughby,Willoughby,UNK
UNK:Harry T. Moore,Harry T. Moore,UNK
UNK:Barry W. Lynn,Barry W. Lynn,UNK
UNK:Americans United for Separation of Church and State,Americans United for Separation of Church and State,UNK
UNK:Bobby Bowden,Bobby Bowden,UNK
UNK:Tallahassee,Tallahassee,UNK
UNK:Atlantic City,Atlantic City,UNK
UNK:Cary Granat,Cary Granat,UNK
UNK:Walden Media,Walden Media,UNK
UNK:St. Rose,St. Rose,UNK
UNK:Flatbush,Flatbush,UNK
UNK:Fairfax,Fairfax,UNK
UNK:Patriot Center,Patriot Center,UNK
UNK:Vashon,Vashon,UNK
UNK:Penn Center,Penn Center,UNK
UNK:Woodhaven,Woodhaven,UNK
UNK:Amsterdam,Amsterdam,UNK
UNK:Augusto Pinochet,Augusto Pinochet,UNK
UNK:Mumbai,Mumbai,UNK
UNK:Jeffrey Skilling,Jeffrey Skilling,UNK
UNK:Enron,Enron,UNK
UNK:Ismail Khan,Ismail Khan,UNK
UNK:Herat,Herat,UNK
UNK:Philippines,Philippines,UNK
UNK:Richmond,Richmond,UNK
UNK:Jacques Chirac,Jacques Chirac,UNK
UNK:John Ensign,John Ensign,UNK
UNK:Nevada,Nevada,UNK
UNK:Long Island City,Long Island City,UNK
UNK:Truman Capote,Truman Capote,UNK
UNK:Ireland,Ireland,UNK
UNK:Sydney,Sydney,UNK
UNK:Cambria Heights,Cambria Heights,UNK
UNK:Bruce Wasserstein,Bruce Wasserstein,UNK
UNK:Lazard,Lazard,UNK
UNK:Collins Park,Collins Park,UNK
UNK:Natalia Vodianova,Natalia Vodianova,UNK
UNK:Fraser River,Fraser River,UNK
UNK:Bay Ridge,Bay Ridge,UNK
UNK:Douglaston,Douglaston,UNK
UNK:New Lots,New Lots,UNK
UNK:Sikkim,Sikkim,UNK
UNK:Jake Delhomme,Jake Delhomme,UNK
UNK:Darrell Griffith,Darrell Griffith,UNK
UNK:Louisville,Louisville,UNK
UNK:DeJuan Wheat,DeJuan Wheat,UNK
UNK:Capitol Hill,Capitol Hill,UNK
UNK:Horst Fascher,Horst Fascher,UNK
UNK:Naguib Mahfouz,Naguib Mahfouz,UNK
UNK:Cairo,Cairo,UNK
UNK:Kamal Nath,Kamal Nath,UNK
UNK:Canarsie,Canarsie,UNK
UNK:Richard Epstein,Richard Epstein,UNK
UNK:University of Chicago,University of Chicago,UNK
UNK:Chuck Hagel,Chuck Hagel,UNK
UNK:Nebraska,Nebraska,UNK
UNK:Paul Martin,Paul Martin,UNK
UNK:Barrie,Barrie,UNK
UNK:Okinawa,Okinawa,UNK
UNK:Yokosuka,Yokosuka,UNK
UNK:Stan Lee,Stan Lee,UNK
UNK:Marvel Comics,Marvel Comics,UNK
UNK:Santa Clara County,Santa Clara County,UNK
UNK:Wang Yan,Wang Yan,UNK
UNK:Tianjin,Tianjin,UNK
UNK:George Mason,George Mason,UNK
UNK:Yonkers,Yonkers,UNK
UNK:Bill Veeck,Bill Veeck,UNK
UNK:Rego Park,Rego Park,UNK
UNK:Litchfield County,Litchfield County,UNK
UNK:New Preston,New Preston,UNK
UNK:CUNY Graduate Center,CUNY Graduate Center,UNK
UNK:Gary Sheffield,Gary Sheffield,UNK
UNK:Tampa,Tampa,UNK
UNK:Bucharest,Bucharest,UNK
UNK:Austria,Austria,UNK
UNK:Mauthausen,Mauthausen,UNK
UNK:Simon Wiesenthal,Simon Wiesenthal,UNK
UNK:Vienna,Vienna,UNK
UNK:Herzliya,Herzliya,UNK
UNK:Linz,Linz,UNK
UNK:Vietnam,Vietnam,UNK
UNK:Elizabeth Dole,Elizabeth Dole,UNK
UNK:Discovery Communications,Discovery Communications,UNK
UNK:John Hendricks,John Hendricks,UNK
UNK:Lower Manhattan,Lower Manhattan,UNK
UNK:London,London,UNK
UNK:James P. Gorman,James P. Gorman,UNK
UNK:Merrill Lynch,Merrill Lynch,UNK
UNK:Hamburg,Hamburg,UNK
UNK:New Rochelle,New Rochelle,UNK
UNK:Berkeley,Berkeley,UNK
UNK:Loni Hancock,Loni Hancock,UNK
UNK:Ken Livingstone,Ken Livingstone,UNK
UNK:Philippe de Montebello,Philippe de Montebello,UNK
UNK:Museum of Modern Art,Museum of Modern Art,UNK
UNK:Pickerington,Pickerington,UNK
UNK:Akron,Akron,UNK
UNK:Moraine,Moraine,UNK
UNK:Warren,Warren,UNK
UNK:Geraldine Ferraro,Geraldine Ferraro,UNK
UNK:Rutherford B. Hayes,Rutherford B. Hayes,UNK
UNK:Aden,Aden,UNK
UNK:Yemen,Yemen,UNK
UNK:Aqaba,Aqaba,UNK
UNK:Miami Heat,Miami Heat,UNK
UNK:Salzburg,Salzburg,UNK
UNK:Julien Temple,Julien Temple,UNK
UNK:Morehead State University,Morehead State University,UNK
UNK:Inwood,Inwood,UNK
UNK:Fort Greene,Fort Greene,UNK
UNK:Francesco Storace,Francesco Storace,UNK
UNK:Calabria,Calabria,UNK
UNK:Sicily,Sicily,UNK
UNK:Messina,Messina,UNK
UNK:Prague,Prague,UNK
UNK:Rockville,Rockville,UNK
UNK:Tongji University,Tongji University,UNK
UNK:Turin,Turin,UNK
UNK:Westbury,Westbury,UNK
UNK:St. Petersburg,St. Petersburg,UNK
UNK:Cooper Union,Cooper Union,UNK
UNK:Hawaii,Hawaii,UNK
UNK:Haleiwa,Haleiwa,UNK
UNK:Martin Sorrell,Martin Sorrell,UNK
UNK:WPP Group,WPP Group,UNK
UNK:Bashar al-Assad,Bashar al-Assad,UNK
UNK:Saskatchewan,Saskatchewan,UNK
UNK:Regina,Regina,UNK
UNK:Oliver Luck,Oliver Luck,UNK
UNK:Detroit Tigers,Detroit Tigers,UNK
UNK:Detroit,Detroit,UNK
UNK:Philadelphia Museum of Art,Philadelphia Museum of Art,UNK
UNK:Carol Klein,Carol Klein,UNK
UNK:Baiji,Baiji,UNK
UNK:James Lassiter,James Lassiter,UNK
UNK:Overbrook Entertainment,Overbrook Entertainment,UNK
UNK:Hugh Jackman,Hugh Jackman,UNK
UNK:Greenwich,Greenwich,UNK
UNK:Larry Bird,Larry Bird,UNK
UNK:Indiana,Indiana,UNK
UNK:Manouchehr Mottaki,Manouchehr Mottaki,UNK
UNK:Wu Yi,Wu Yi,UNK
UNK:Giovanni Maria Vian,Giovanni Maria Vian,UNK
UNK:Rome,Rome,UNK
UNK:Brussels,Brussels,UNK
UNK:Belgium,Belgium,UNK
UNK:Charleroi,Charleroi,UNK
UNK:Antwerp,Antwerp,UNK
UNK:Leucadia,Leucadia,UNK
UNK:Carlos Ghosn,Carlos Ghosn,UNK
UNK:Renault,Renault,UNK
UNK:Bloomington,Bloomington,UNK
UNK:Indiana University,Indiana University,UNK
UNK:Martti Ahtisaari,Martti Ahtisaari,UNK
UNK:Finland,Finland,UNK
UNK:Salta,Salta,UNK
UNK:Mendoza,Mendoza,UNK
UNK:Grace Kelly,Grace Kelly,UNK
UNK:Greece,Greece,UNK
UNK:Rhodes,Rhodes,UNK
UNK:Smithtown,Smithtown,UNK
UNK:South Carolina,South Carolina,UNK
UNK:North,North,UNK
UNK:Jill Lajdziak,Jill Lajdziak,UNK
UNK:Saturn,Saturn,UNK
UNK:Deng Xiaoping,Deng Xiaoping,UNK
UNK:Chen Ning Yang,Chen Ning Yang,UNK
UNK:Bader Field,Bader Field,UNK
UNK:Bob Kerrey,Bob Kerrey,UNK
UNK:Oslo,Oslo,UNK
UNK:Ronkonkoma,Ronkonkoma,UNK
UNK:Dublin,Dublin,UNK
UNK:Rochester,Rochester,UNK
UNK:Sparta,Sparta,UNK
UNK:Purchase,Purchase,UNK
UNK:Manhattanville College,Manhattanville College,UNK
UNK:Roy Blunt,Roy Blunt,UNK
UNK:Solomon R. Guggenheim Museum,Solomon R. Guggenheim Museum,UNK
UNK:Notting Hill,Notting Hill,UNK
UNK:Riga,Riga,UNK
UNK:Pensacola,Pensacola,UNK
UNK:North Dakota,North Dakota,UNK
UNK:Cannonball River,Cannonball River,UNK
UNK:Boeing,Boeing,UNK
UNK:Mali,Mali,UNK
UNK:Oleg Mitvol,Oleg Mitvol,UNK
UNK:Ocracoke,Ocracoke,UNK
UNK:Portland,Portland,UNK
UNK:Oregon Health & Science University,Oregon Health & Science University,UNK
UNK:Maria Sharapova,Maria Sharapova,UNK
UNK:Steffi Graf,Steffi Graf,UNK
UNK:Eamonn Coghlan,Eamonn Coghlan,UNK
UNK:Kenenisa Bekele,Kenenisa Bekele,UNK
UNK:East Flatbush,East Flatbush,UNK
UNK:Oneonta,Oneonta,UNK
UNK:Southold,Southold,UNK
UNK:Peconic Bay,Peconic Bay,UNK
UNK:Bondi Beach,Bondi Beach,UNK
UNK:Peter Chernin,Peter Chernin,UNK
UNK:Melissa Hayden,Melissa Hayden,UNK
UNK:Winston-Salem,Winston-Salem,UNK
UNK:Alicia Alonso,Alicia Alonso,UNK
UNK:North Carolina School of the Arts,North Carolina School of the Arts,UNK
UNK:Rick Perry,Rick Perry,UNK
UNK:Yale University Art Gallery,Yale University Art Gallery,UNK
UNK:Ichiro Suzuki,Ichiro Suzuki,UNK
UNK:Closter,Closter,UNK
UNK:A. B. Yehoshua,A. B. Yehoshua,UNK
UNK:Jerusalem,Jerusalem,UNK
UNK:Shamil Basayev,Shamil Basayev,UNK
UNK:East Village,East Village,UNK
UNK:West Village,West Village,UNK
UNK:Astoria,Astoria,UNK
UNK:Congress,Congress,UNK
UNK:Cass Sunstein,Cass Sunstein,UNK
UNK:Saudi Arabia,Saudi Arabia,UNK
UNK:Steven Roth,Steven Roth,UNK
UNK:Vornado Realty Trust,Vornado Realty Trust,UNK
UNK:Monterey,Monterey,UNK
UNK:Reynoldsburg,Reynoldsburg,UNK
UNK:Ariel Sharon,Ariel Sharon,UNK
UNK:East Jerusalem,East Jerusalem,UNK
UNK:Baton Rouge,Baton Rouge,UNK
UNK:Ephraim Kishon,Ephraim Kishon,UNK
UNK:Tel Aviv,Tel Aviv,UNK
UNK:Richard Branson,Richard Branson,UNK
UNK:Virgin Group,Virgin Group,UNK
UNK:Desmond Morton,Desmond Morton,UNK
UNK:Passaic,Passaic,UNK
UNK:Richard C. Perry,Richard C. Perry,UNK
UNK:Perry Capital,Perry Capital,UNK
UNK:Goldman Sachs,Goldman Sachs,UNK
UNK:Hyde Park,Hyde Park,UNK
UNK:Hartsdale,Hartsdale,UNK
UNK:Hudson,Hudson,UNK
UNK:Citigroup,Citigroup,UNK
UNK:Charles Prince,Charles Prince,UNK
UNK:Hartford,Hartford,UNK
UNK:Multan,Multan,UNK
UNK:Peshawar,Peshawar,UNK
UNK:Quetta,Quetta,UNK
UNK:Marc Jacobs,Marc Jacobs,UNK
UNK:Louis Vuitton,Louis Vuitton,UNK
UNK:Davis,Davis,UNK
UNK:Natalie Wood,Natalie Wood,UNK
UNK:Natasha Gregson Wagner,Natasha Gregson Wagner,UNK
UNK:Leipzig,Leipzig,UNK
UNK:Robert S. Miller,Robert S. Miller,UNK
UNK:Delphi,Delphi,UNK
UNK:Sochi,Sochi,UNK
UNK:Haifa,Haifa,UNK
UNK:Bob Ney,Bob Ney,UNK
UNK:Soviet Union,Soviet Union,UNK
UNK:Omaha,Omaha,UNK
UNK:Mark Warner,Mark Warner,UNK
UNK:John Edwards,John Edwards,UNK
UNK:Broward County,Broward County,UNK
UNK:Orlando,Orlando,UNK
UNK:Leesville,Leesville,UNK
UNK:Headford,Headford,UNK
UNK:County Galway,County Galway,UNK
UNK:Guangzhou,Guangzhou,UNK
UNK:Guangdong Province,Guangdong Province,UNK
UNK:Lancaster,Lancaster,UNK
UNK:Christopher Shays,Christopher Shays,UNK
UNK:Monmouth County,Monmouth County,UNK
UNK:Imlaystown,Imlaystown,UNK
UNK:Camerino,Camerino,UNK
UNK:Cui Jian,Cui Jian,UNK
UNK:J. K. Rowling,J. K. Rowling,UNK
UNK:Fred Wilpon,Fred Wilpon,UNK
UNK:New York Mets,New York Mets,UNK
UNK:Wembley Stadium,Wembley Stadium,UNK
UNK:Mauritius,Mauritius,UNK
UNK:Stephan Eberharter,Stephan Eberharter,UNK
UNK:Giorgio Rocca,Giorgio Rocca,UNK
UNK:West Point,West Point,UNK
UNK:United States Military Academy,United States Military Academy,UNK
UNK:Overland Park,Overland Park,UNK
UNK:Tempe,Tempe,UNK
UNK:Sun Devil Stadium,Sun Devil Stadium,UNK
UNK:Rutgers,Rutgers,UNK
UNK:Tucson,Tucson,UNK
UNK:Palazzo Grassi,Palazzo Grassi,UNK
UNK:Wadsworth Atheneum,Wadsworth Atheneum,UNK
UNK:Bill Gates,Bill Gates,UNK
UNK:BBC,BBC,UNK
UNK:Somalia,Somalia,UNK
UNK:Eritrea,Eritrea,UNK
UNK:Paula Vogel,Paula Vogel,UNK
UNK:Brown University,Brown University,UNK
UNK:Sierra Leone,Sierra Leone,UNK
UNK:Burundi,Burundi,UNK
UNK:Naval Postgraduate School,Naval Postgraduate School,UNK
UNK:Oberlin College,Oberlin College,UNK
UNK:Karl Rove,Karl Rove,UNK
UNK:Jeff Flake,Jeff Flake,UNK
UNK:Benjamin Netanyahu,Benjamin Netanyahu,UNK
UNK:Denmark,Denmark,UNK
UNK:Penns Creek,Penns Creek,UNK
UNK:Annville,Annville,UNK
UNK:Lebanon Valley College,Lebanon Valley College,UNK
UNK:Mick Jagger,Mick Jagger,UNK
UNK:Fort Collins,Fort Collins,UNK
UNK:Colorado State University,Colorado State University,UNK
UNK:Kiel,Kiel,UNK
UNK:Bankhead,Bankhead,UNK
UNK:Jonathan Turley,Jonathan Turley,UNK
UNK:George Washington University,George Washington University,UNK
UNK:John Lasseter,John Lasseter,UNK
UNK:Pixar,Pixar,UNK
UNK:Liberia,Liberia,UNK
UNK:Cameroon,Cameroon,UNK
UNK:Dan Bodner,Dan Bodner,UNK
UNK:Verint,Verint,UNK
UNK:Ybor City,Ybor City,UNK
UNK:Eliphalet Chapin,Eliphalet Chapin,UNK
UNK:Bruce Lahn,Bruce Lahn,UNK
UNK:Munich,Munich,UNK
UNK:Mogadishu,Mogadishu,UNK
UNK:Kenya,Kenya,UNK
UNK:Mombasa,Mombasa,UNK
UNK:Muscatine,Muscatine,UNK
UNK:New Hampshire,New Hampshire,UNK
UNK:Nashua,Nashua,UNK
UNK:Dillard University,Dillard University,UNK
UNK:Emanuel Schikaneder,Emanuel Schikaneder,UNK
UNK:Robert B. Willumstad,Robert B. Willumstad,UNK
UNK:Sanford I. Weill,Sanford I. Weill,UNK
UNK:Jefferson,Jefferson,UNK
UNK:Wake Forest University,Wake Forest University,UNK
UNK:Thomas Johansson,Thomas Johansson,UNK
UNK:Sweden,Sweden,UNK
UNK:Compton,Compton,UNK
UNK:Rockville Centre,Rockville Centre,UNK
UNK:Rebecca Mark-Jusbasche,Rebecca Mark-Jusbasche,UNK
UNK:Bernard Arnault,Bernard Arnault,UNK
UNK:Karl Amadeus Hartmann,Karl Amadeus Hartmann,UNK
UNK:Franz Schreker,Franz Schreker,UNK
UNK:Dubuque,Dubuque,UNK
UNK:Arak,Arak,UNK
UNK:Essen,Essen,UNK
UNK:Marcia Angell,Marcia Angell,UNK
UNK:Harvard Medical School,Harvard Medical School,UNK
UNK:Kenneth T. Jackson,Kenneth T. Jackson,UNK
UNK:Timothy Treadwell,Timothy Treadwell,UNK
UNK:Clinton Hill,Clinton Hill,UNK
UNK:Baden-Baden,Baden-Baden,UNK
UNK:Robert Kates,Robert Kates,UNK
UNK:Ann Moore,Ann Moore,UNK
UNK:Time,Time,UNK
UNK:Time Inc.,Time Inc.,UNK
UNK:Lu Zhi,Lu Zhi,UNK
UNK:Paul Casey,Paul Casey,UNK
UNK:Hank Aaron,Hank Aaron,UNK
UNK:Denver,Denver,UNK
UNK:Coors Field,Coors Field,UNK
UNK:Nancy Boyda,Nancy Boyda,UNK
UNK:Benjamin Franklin Bridge,Benjamin Franklin Bridge,UNK
UNK:Puerto Vallarta,Puerto Vallarta,UNK
UNK:Sadr City,Sadr City,UNK
UNK:Muhammad,Muhammad,UNK
UNK:Islam,Islam,UNK
UNK:Meulaboh,Meulaboh,UNK
UNK:Etobicoke,Etobicoke,UNK
UNK:Wuxi,Wuxi,UNK
UNK:Rhine,Rhine,UNK
UNK:Nicolas Sarkozy,Nicolas Sarkozy,UNK
UNK:Alaska,Alaska,UNK
UNK:Anchorage,Anchorage,UNK
UNK:Joseph Cornell,Joseph Cornell,UNK
UNK:Pomfret Center,Pomfret Center,UNK
UNK:Franz Liszt,Franz Liszt,UNK
UNK:Cosima Wagner,Cosima Wagner,UNK
UNK:Katonah,Katonah,UNK
UNK:Mount Kisco,Mount Kisco,UNK
UNK:Frankfurt,Frankfurt,UNK
UNK:Mulayam Singh Yadav,Mulayam Singh Yadav,UNK
UNK:Uttar Pradesh,Uttar Pradesh,UNK
UNK:Sadegh Ghotbzadeh,Sadegh Ghotbzadeh,UNK
UNK:Sani Abacha,Sani Abacha,UNK
UNK:Nigeria,Nigeria,UNK
UNK:Robert F. Kennedy,Robert F. Kennedy,UNK
UNK:Dominique Lapierre,Dominique Lapierre,UNK
UNK:Cuttino Mobley,Cuttino Mobley,UNK
UNK:Terry Porter,Terry Porter,UNK
UNK:Milwaukee,Milwaukee,UNK
UNK:Hunter College,Hunter College,UNK
UNK:Desmond Tutu,Desmond Tutu,UNK
UNK:South Africa,South Africa,UNK
UNK:Allister Sparks,Allister Sparks,UNK
UNK:George W. Bush,George W. Bush,UNK
UNK:Mount Rainier,Mount Rainier,UNK
UNK:Newton,Newton,UNK
UNK:Mount Ida College,Mount Ida College,UNK
UNK:Tamarac,Tamarac,UNK
UNK:Natan Sharansky,Natan Sharansky,UNK
UNK:New York Yankees,New York Yankees,UNK
UNK:Nixzmary Brown,Nixzmary Brown,UNK
UNK:Kurt Andersen,Kurt Andersen,UNK
UNK:Park City,Park City,UNK
UNK:Storyville,Storyville,UNK
UNK:Jerrold Nadler,Jerrold Nadler,UNK
UNK:Utrecht,Utrecht,UNK
UNK:Jim Bunning,Jim Bunning,UNK
UNK:Anne Frank,Anne Frank,UNK
UNK:Sderot,Sderot,UNK
UNK:Wisconsin,Wisconsin,UNK
UNK:Racine County,Racine County,UNK
UNK:Lincoln Financial Field,Lincoln Financial Field,UNK
UNK:Matawan,Matawan,UNK
UNK:Helmand Province,Helmand Province,UNK
UNK:Sangin,Sangin,UNK
UNK:Jean-Paul Belmondo,Jean-Paul Belmondo,UNK
UNK:Claude Chabrol,Claude Chabrol,UNK
UNK:Beth Israel Deaconess Medical Center,Beth Israel Deaconess Medical Center,UNK
UNK:Angola,Angola,UNK
UNK:Ghana,Ghana,UNK
UNK:Togo,Togo,UNK
UNK:South,South,UNK
UNK:Caldwell,Caldwell,UNK
UNK:Boise,Boise,UNK
UNK:Tracey Weber,Tracey Weber,UNK
UNK:Travelocity,Travelocity,UNK
UNK:North Pole,North Pole,UNK
UNK:Rockland County,Rockland County,UNK
UNK:Haverstraw,Haverstraw,UNK
UNK:Daddy Yankee,Daddy Yankee,UNK
UNK:San Juan,San Juan,UNK
UNK:Yankee,Yankee,UNK
UNK:Henry Ford,Henry Ford,UNK
UNK:Niagara Falls,Niagara Falls,UNK
UNK:Paramount Pictures,Paramount Pictures,UNK
UNK:Academy of Natural Sciences,Academy of Natural Sciences,UNK
UNK:Kenosha,Kenosha,UNK
UNK:Ehud Barak,Ehud Barak,UNK
UNK:Rockaway Beach,Rockaway Beach,UNK
UNK:Jimmy Breslin,Jimmy Breslin,UNK
UNK:Rosemary Breslin,Rosemary Breslin,UNK
UNK:Kevin Breslin,Kevin Breslin,UNK
UNK:South Ozone Park,South Ozone Park,UNK
UNK:Far Rockaway,Far Rockaway,UNK
UNK:Lola,Lola,UNK
UNK:Thibodaux,Thibodaux,UNK
UNK:Nicholls State University,Nicholls State University,UNK
UNK:East Elmhurst,East Elmhurst,UNK
UNK:Plano,Plano,UNK
UNK:Electronic Data Systems,Electronic Data Systems,UNK
UNK:Mark V. Hurd,Mark V. Hurd,UNK
UNK:Hewlett-Packard,Hewlett-Packard,UNK
UNK:Federico Fellini,Federico Fellini,UNK
UNK:Northern Ireland,Northern Ireland,UNK
UNK:Ramadi,Ramadi,UNK
UNK:San Francisco,San Francisco,UNK
UNK:Yerba Buena Island,Yerba Buena Island,UNK
UNK:Treasure Island,Treasure Island,UNK
UNK:Lennar Corporation,Lennar Corporation,UNK
UNK:Wellington,Wellington,UNK
UNK:New Zealand,New Zealand,UNK
UNK:Copenhagen,Copenhagen,UNK
UNK:Erik Bruhn,Erik Bruhn,UNK
UNK:Laramie,Laramie,UNK
UNK:University of Wyoming,University of Wyoming,UNK
UNK:Phoenix,Phoenix,UNK
UNK:Nantucket,Nantucket,UNK
UNK:Danvers,Danvers,UNK
UNK:Aditya Chopra,Aditya Chopra,UNK
UNK:Yash Raj Films,Yash Raj Films,UNK
UNK:Lazio,Lazio,UNK
UNK:Mount Laurel,Mount Laurel,UNK
UNK:Aceh,Aceh,UNK
UNK:Ames,Ames,UNK
UNK:Michael Glos,Michael Glos,UNK
UNK:Colle Sannita,Colle Sannita,UNK
UNK:Newark,Newark,UNK
UNK:Mamaroneck,Mamaroneck,UNK
UNK:Westhampton Beach,Westhampton Beach,UNK
UNK:Boynton Beach,Boynton Beach,UNK
UNK:Dick Cheney,Dick Cheney,UNK
UNK:Halliburton,Halliburton,UNK
UNK:Chittagong,Chittagong,UNK
UNK:Bangladesh,Bangladesh,UNK
UNK:Barcelona,Barcelona,UNK
UNK:Algeria,Algeria,UNK
UNK:Oran,Oran,UNK
UNK:Pope Benedict XVI,Pope Benedict XVI,UNK
UNK:Roman Catholic Church,Roman Catholic Church,UNK
UNK:James B. Jacobs,James B. Jacobs,UNK
UNK:New York University,New York University,UNK
UNK:Georgia,Georgia,UNK
UNK:DeKalb County,DeKalb County,UNK
UNK:Bayonne,Bayonne,UNK
UNK:Caribbean,Caribbean,UNK
UNK:Red Hook,Red Hook,UNK
UNK:Osh,Osh,UNK
UNK:Fairfield,Fairfield,UNK
UNK:Jerome Robbins,Jerome Robbins,UNK
UNK:Vinkeveen,Vinkeveen,UNK
UNK:Keansburg,Keansburg,UNK
UNK:Cameron Parish,Cameron Parish,UNK
UNK:Mohammad Ali Abtahi,Mohammad Ali Abtahi,UNK
UNK:Sharpe James,Sharpe James,UNK
UNK:Denise O'Donnell,Denise O'Donnell,UNK
UNK:Buffalo,Buffalo,UNK
UNK:Peter Schiff,Peter Schiff,UNK
UNK:Robert Novak,Robert Novak,UNK
UNK:CNN,CNN,UNK
UNK:Kate Moss,Kate Moss,UNK
UNK:John Marin,John Marin,UNK
UNK:Safed,Safed,UNK
UNK:Cincinnati,Cincinnati,UNK
UNK:Evendale,Evendale,UNK
UNK:Tudor City,Tudor City,UNK
UNK:Heidelberg,Heidelberg,UNK
UNK:Dubai,Dubai,UNK
UNK:United Arab Emirates,United Arab Emirates,UNK
UNK:Western Australia,Western Australia,UNK
UNK:Ben Nelson,Ben Nelson,UNK
UNK:Silvio Berlusconi,Silvio Berlusconi,UNK
UNK:Disneyland,Disneyland,UNK
UNK:Clayton,Clayton,UNK
UNK:Ravenswood,Ravenswood,UNK
UNK:Hanoi,Hanoi,UNK
UNK:Da Nang,Da Nang,UNK
UNK:Ho Chi Minh City,Ho Chi Minh City,UNK
UNK:Forbidden City,Forbidden City,UNK
UNK:Gianfranco Fini,Gianfranco Fini,UNK
UNK:Langham Place,Langham Place,UNK
UNK:Sag Harbor,Sag Harbor,UNK
UNK:Philip Anschutz,Philip Anschutz,UNK
UNK:San Luis Obispo,San Luis Obispo,UNK
UNK:California Polytechnic State University,California Polytechnic State University,UNK
UNK:Suffolk University Law School,Suffolk University Law School,UNK
UNK:Jonas Mekas,Jonas Mekas,UNK
UNK:Lithuania,Lithuania,UNK
UNK:Murata,Murata,UNK
UNK:Yurakucho,Yurakucho,UNK
UNK:George H. Winner Jr.,George H. Winner Jr.,UNK
UNK:Elmira,Elmira,UNK
UNK:Babylon,Babylon,UNK
UNK:Rikers Island,Rikers Island,UNK
UNK:Lil Wayne,Lil Wayne,UNK
UNK:Peter Moore,Peter Moore,UNK
UNK:Buckingham Palace,Buckingham Palace,UNK
UNK:Mozambique,Mozambique,UNK
UNK:Zambezia Province,Zambezia Province,UNK
UNK:Anthony D. Weiner,Anthony D. Weiner,UNK
UNK:Gifford Miller,Gifford Miller,UNK
UNK:TJX Companies,TJX Companies,UNK
UNK:Framingham,Framingham,UNK
UNK:Sacramento,Sacramento,UNK
UNK:David L. Cohen,David L. Cohen,UNK
UNK:Comcast,Comcast,UNK
UNK:Harry C. Katz,Harry C. Katz,UNK
UNK:Cornell University,Cornell University,UNK
UNK:Dennis F. Strigl,Dennis F. Strigl,UNK
UNK:Verizon Wireless,Verizon Wireless,UNK
UNK:T.I.,T.I.,UNK
UNK:Young Jeezy,Young Jeezy,UNK
UNK:William F. Weld,William F. Weld,UNK
UNK:Seagram Building,Seagram Building,UNK
UNK:Jusuf Kalla,Jusuf Kalla,UNK
UNK:Stone Harbor,Stone Harbor,UNK
UNK:North Vancouver,North Vancouver,UNK
UNK:Kishiwada,Kishiwada,UNK
UNK:Stuttgart,Stuttgart,UNK
UNK:Nottingham,Nottingham,UNK
UNK:Morelos,Morelos,UNK
UNK:Brooklyn Academy of Music,Brooklyn Academy of Music,UNK
UNK:Carnegie Hall,Carnegie Hall,UNK
UNK:Harare,Harare,UNK
UNK:Zimbabwe,Zimbabwe,UNK
UNK:Pratt Institute,Pratt Institute,UNK
UNK:Booker T. Washington,Booker T. Washington,UNK
UNK:Jon Pynoos,Jon Pynoos,UNK
UNK:Schuyler County,Schuyler County,UNK
UNK:Montour Falls,Montour Falls,UNK
UNK:Poland,Poland,UNK
UNK:Mainz,Mainz,UNK
UNK:Malibu,Malibu,UNK
UNK:Pepperdine University,Pepperdine University,UNK
UNK:Nick Pearce,Nick Pearce,UNK
UNK:Institute for Public Policy Research,Institute for Public Policy Research,UNK
UNK:Jamestown,Jamestown,UNK
UNK:South Street Seaport,South Street Seaport,UNK
UNK:Karbala,Karbala,UNK
UNK:Najaf,Najaf,UNK
UNK:Fresh Meadows,Fresh Meadows,UNK
UNK:Fernando Sor,Fernando Sor,UNK
UNK:Colorado,Colorado,UNK
UNK:Ski Cooper,Ski Cooper,UNK
UNK:Leadville,Leadville,UNK
UNK:Scotland,Scotland,UNK
UNK:Glasgow,Glasgow,UNK
UNK:Chris Moulin,Chris Moulin,UNK
UNK:Danbury,Danbury,UNK
UNK:Tenancingo,Tenancingo,UNK
UNK:Thane Gustafson,Thane Gustafson,UNK
UNK:Sonora,Sonora,UNK
UNK:Hermosillo,Hermosillo,UNK
UNK:Carlos Menem,Carlos Menem,UNK
UNK:Jim Henson,Jim Henson,UNK
UNK:Brian Henson,Brian Henson,UNK
UNK:Waverly,Waverly,UNK
UNK:Vladivostok,Vladivostok,UNK
UNK:Shintaro Ishihara,Shintaro Ishihara,UNK
UNK:Tsushima,Tsushima,UNK
UNK:Mecca,Mecca,UNK
UNK:Cambridge,Cambridge,UNK
UNK:Harvard University,Harvard University,UNK
UNK:Artur Barrio,Artur Barrio,UNK
UNK:Kassel,Kassel,UNK
UNK:Rioja,Rioja,UNK
UNK:Ezcaray,Ezcaray,UNK
UNK:South Asia,South Asia,UNK
UNK:Kevin B. Rollins,Kevin B. Rollins,UNK
UNK:Dell,Dell,UNK
UNK:New Jersey Institute of Technology,New Jersey Institute of Technology,UNK
UNK:John Madden,John Madden,UNK
UNK:NBC,NBC,UNK
UNK:Gene Taylor,Gene Taylor,UNK
UNK:Omar al-Bashir,Omar al-Bashir,UNK
UNK:Gainesville,Gainesville,UNK
UNK:University of Florida,University of Florida,UNK
UNK:Atari,Atari,UNK
UNK:Nolan Bushnell,Nolan Bushnell,UNK
UNK:Facebook,Facebook,UNK
UNK:Mark Zuckerberg,Mark Zuckerberg,UNK
UNK:Lake Erie,Lake Erie,UNK
UNK:South Bass Island,South Bass Island,UNK
UNK:DreamWorks,DreamWorks,UNK
UNK:Ludwig Wittgenstein,Ludwig Wittgenstein,UNK
UNK:Burlingame,Burlingame,UNK
UNK:Chinatown,Chinatown,UNK
UNK:Stamford,Stamford,UNK
UNK:John Howard,John Howard,UNK
UNK:Hari,Hari,UNK
UNK:South Kensington,South Kensington,UNK
UNK:Pamela A. Wickham,Pamela A. Wickham,UNK
UNK:Raytheon,Raytheon,UNK
UNK:Bavarian State Opera,Bavarian State Opera,UNK
UNK:Shimon Peres,Shimon Peres,UNK
UNK:Canterbury Cathedral,Canterbury Cathedral,UNK
UNK:Mount Nebo,Mount Nebo,UNK
UNK:Jordan River,Jordan River,UNK
UNK:Estonia,Estonia,UNK
UNK:Leonardo Boff,Leonardo Boff,UNK
UNK:John R. Quinn,John R. Quinn,UNK
UNK:Umbria,Umbria,UNK
UNK:Hiroshima,Hiroshima,UNK
UNK:Mother Teresa,Mother Teresa,UNK
UNK:Kurt Waldheim,Kurt Waldheim,UNK
UNK:Edith Stein,Edith Stein,UNK
UNK:Judaism,Judaism,UNK
UNK:Oklahoma City,Oklahoma City,UNK
UNK:Ford Center,Ford Center,UNK
UNK:Creighton University,Creighton University,UNK
UNK:Ulster County,Ulster County,UNK
UNK:Hurley,Hurley,UNK
UNK:George McGovern,George McGovern,UNK
UNK:South Dakota,South Dakota,UNK
UNK:Henry Wolf,Henry Wolf,UNK
UNK:Khanaqin,Khanaqin,UNK
UNK:John Kerry,John Kerry,UNK
UNK:Google,Google,UNK
UNK:Eric E. Schmidt,Eric E. Schmidt,UNK
UNK:Fujian,Fujian,UNK
UNK:Fidel Castro,Fidel Castro,UNK
UNK:Birmingham,Birmingham,UNK
UNK:Robert H. Frank,Robert H. Frank,UNK
UNK:Taipei,Taipei,UNK
UNK:Ko Simpson,Ko Simpson,UNK
UNK:Graniteville,Graniteville,UNK
UNK:Ansonia Hotel,Ansonia Hotel,UNK
UNK:Leavenworth,Leavenworth,UNK
UNK:Lake Carmel,Lake Carmel,UNK
UNK:David Beckham,David Beckham,UNK
UNK:Berkshire Hathaway,Berkshire Hathaway,UNK
UNK:Warren Buffett,Warren Buffett,UNK
UNK:Tinton Falls,Tinton Falls,UNK
UNK:Elmont,Elmont,UNK
UNK:Cobble Hill,Cobble Hill,UNK
UNK:Pittsburgh,Pittsburgh,UNK
UNK:Chillicothe,Chillicothe,UNK
UNK:Nashville,Nashville,UNK
UNK:Vanderbilt University,Vanderbilt University,UNK
UNK:Carnegie Mellon University,Carnegie Mellon University,UNK
UNK:Paso Robles,Paso Robles,UNK
UNK:Vadstena Castle,Vadstena Castle,UNK
UNK:Bernard Kouchner,Bernard Kouchner,UNK
UNK:Marilu Henner,Marilu Henner,UNK
UNK:National Civil Rights Museum,National Civil Rights Museum,UNK
UNK:Christian Schwarz-Schilling,Christian Schwarz-Schilling,UNK
UNK:South Huntington,South Huntington,UNK
UNK:Jeff Garlin,Jeff Garlin,UNK
UNK:Randi Weingarten,Randi Weingarten,UNK
UNK:Dixon Place,Dixon Place,UNK
UNK:Franklin Institute,Franklin Institute,UNK
UNK:Cologne,Cologne,UNK
UNK:Southampton,Southampton,UNK
UNK:Dortmund,Dortmund,UNK
UNK:Natanz,Natanz,UNK
UNK:Kurt Beck,Kurt Beck,UNK
UNK:Rhineland-Palatinate,Rhineland-Palatinate,UNK
UNK:Angela Merkel,Angela Merkel,UNK
UNK:Eduardo Machado,Eduardo Machado,UNK
UNK:Guillermo Toledo,Guillermo Toledo,UNK
UNK:Madrid,Madrid,UNK
UNK:Mount St. Helens,Mount St. Helens,UNK
UNK:Milton Friedman,Milton Friedman,UNK
UNK:Michael Verhoeven,Michael Verhoeven,UNK
UNK:Percy Adlon,Percy Adlon,UNK
UNK:Eastern Cape,Eastern Cape,UNK
UNK:Woodland Hills,Woodland Hills,UNK
UNK:Revver,Revver,UNK
UNK:Steven Starr,Steven Starr,UNK
UNK:Brookhaven,Brookhaven,UNK
UNK:Ocean Parkway,Ocean Parkway,UNK
UNK:Santiago,Santiago,UNK
UNK:Ohio State University,Ohio State University,UNK
UNK:Medgar Evers College,Medgar Evers College,UNK
UNK:American Museum of Natural History,American Museum of Natural History,UNK
UNK:Spa,Spa,UNK
UNK:Vermont,Vermont,UNK
UNK:Stratton,Stratton,UNK
UNK:Farmingdale,Farmingdale,UNK
UNK:G. Oliver Koppell,G. Oliver Koppell,UNK
UNK:Fritz Strobl,Fritz Strobl,UNK
UNK:H.J. Heinz Company,H.J. Heinz Company,UNK
UNK:Nanjing,Nanjing,UNK
UNK:Dresden,Dresden,UNK
UNK:Fishers Island,Fishers Island,UNK
UNK:Hershey,Hershey,UNK
UNK:Stacey Snider,Stacey Snider,UNK
UNK:Universal Pictures,Universal Pictures,UNK
UNK:Li Ting,Li Ting,UNK
UNK:Jayapura,Jayapura,UNK
UNK:Papua,Papua,UNK
UNK:James Wolfensohn,James Wolfensohn,UNK
UNK:World Bank,World Bank,UNK
UNK:Albany County,Albany County,UNK
UNK:Albuquerque,Albuquerque,UNK
UNK:University of New Mexico,University of New Mexico,UNK
UNK:New Mexico,New Mexico,UNK
UNK:Oyster Bay,Oyster Bay,UNK
UNK:Mount Marcy,Mount Marcy,UNK
UNK:Li Zhaoxing,Li Zhaoxing,UNK
UNK:New Concord,New Concord,UNK
UNK:Muskingum College,Muskingum College,UNK
UNK:Roselle Park,Roselle Park,UNK
UNK:Marc Barach,Marc Barach,UNK
UNK:Ingenio,Ingenio,UNK
UNK:Andrew Motion,Andrew Motion,UNK
UNK:Philip Larkin,Philip Larkin,UNK
UNK:Claire Tomalin,Claire Tomalin,UNK
UNK:Montana,Montana,UNK
UNK:Butte,Butte,UNK
UNK:Northeast,Northeast,UNK
UNK:Ray Nagin,Ray Nagin,UNK
UNK:European Union,European Union,UNK
UNK:Jean-Pierre Raffarin,Jean-Pierre Raffarin,UNK
UNK:Takafumi Horie,Takafumi Horie,UNK
UNK:Goa,Goa,UNK
UNK:Veracruz,Veracruz,UNK
UNK:Olympia,Olympia,UNK
UNK:Henan,Henan,UNK
UNK:Luoyang,Luoyang,UNK
UNK:National Judges College,National Judges College,UNK
UNK:Wuhan,Wuhan,UNK
UNK:Helmut Kohl,Helmut Kohl,UNK
UNK:Bob Barr,Bob Barr,UNK
UNK:Kim Il-sung,Kim Il-sung,UNK
UNK:North Korea,North Korea,UNK
UNK:Pyongyang,Pyongyang,UNK
UNK:Costa Mesa,Costa Mesa,UNK
UNK:Orange County Performing Arts Center,Orange County Performing Arts Center,UNK
UNK:Patrick White,Patrick White,UNK
UNK:Jeremy Allaire,Jeremy Allaire,UNK
UNK:Brightcove,Brightcove,UNK
UNK:David Yassky,David Yassky,UNK
UNK:Chengdu,Chengdu,UNK
UNK:Singapore,Singapore,UNK
UNK:Paterson,Paterson,UNK
UNK:Ottumwa,Ottumwa,UNK
UNK:Abqaiq,Abqaiq,UNK
UNK:John D. Sheehan,John D. Sheehan,UNK
UNK:Randy Graf,Randy Graf,UNK
UNK:Wales,Wales,UNK
UNK:Cardiff,Cardiff,UNK
UNK:Gary D. Forsee,Gary D. Forsee,UNK
UNK:Sprint Nextel,Sprint Nextel,UNK
UNK:Jerini,Jerini,UNK
UNK:Tyler Cowen,Tyler Cowen,UNK
UNK:George Mason University,George Mason University,UNK
UNK:Jon Kyl,Jon Kyl,UNK
UNK:Jesse Ventura,Jesse Ventura,UNK
UNK:Minnesota,Minnesota,UNK
UNK:Anheuser-Busch,Anheuser-Busch,UNK
UNK:Paul J. Taubman,Paul J. Taubman,UNK
UNK:Morgan Stanley,Morgan Stanley,UNK
UNK:Karl Lagerfeld,Karl Lagerfeld,UNK
UNK:Chanel,Chanel,UNK
UNK:Mehran,Mehran,UNK
UNK:Shaul Bakhash,Shaul Bakhash,UNK
UNK:Hoshyar Zebari,Hoshyar Zebari,UNK
UNK:Sihung Lung,Sihung Lung,UNK
UNK:Grozny,Grozny,UNK
UNK:Davos,Davos,UNK
UNK:William Dean Singleton,William Dean Singleton,UNK
UNK:MediaNews Group,MediaNews Group,UNK
UNK:Delray Beach,Delray Beach,UNK
UNK:Bethpage,Bethpage,UNK
UNK:Menlo Park,Menlo Park,UNK
UNK:Brooklyn Bridge,Brooklyn Bridge,UNK
UNK:University of Washington,University of Washington,UNK
UNK:Justin Verlander,Justin Verlander,UNK
UNK:Kinsale,Kinsale,UNK
UNK:County Cork,County Cork,UNK
UNK:Flushing,Flushing,UNK
UNK:Athens,Athens,UNK
UNK:Acropolis Museum,Acropolis Museum,UNK
UNK:Haight-Ashbury,Haight-Ashbury,UNK
UNK:Cate Edwards,Cate Edwards,UNK
UNK:Levittown,Levittown,UNK
UNK:Baron Hirsch Cemetery,Baron Hirsch Cemetery,UNK
UNK:Bernards Township,Bernards Township,UNK
UNK:Dharamsala,Dharamsala,UNK
UNK:Half Moon Bay,Half Moon Bay,UNK
UNK:Maher Arar,Maher Arar,UNK
UNK:Robert Hurst,Robert Hurst,UNK
UNK:Friuli-Venezia Giulia,Friuli-Venezia Giulia,UNK
UNK:Chernobyl,Chernobyl,UNK
UNK:Sherwood Park,Sherwood Park,UNK
UNK:Stephen Harper,Stephen Harper,UNK
UNK:Bergen,Bergen,UNK
UNK:Melbourne,Melbourne,UNK
UNK:Lower Ninth Ward,Lower Ninth Ward,UNK
UNK:Lagos,Lagos,UNK
UNK:Jacques Barzun,Jacques Barzun,UNK
UNK:Walt Disney Concert Hall,Walt Disney Concert Hall,UNK
UNK:Vassar College,Vassar College,UNK
UNK:Port Washington,Port Washington,UNK
UNK:Charleston,Charleston,UNK
UNK:Lindenhurst,Lindenhurst,UNK
UNK:Mike Hampton,Mike Hampton,UNK
UNK:Tsinghua University,Tsinghua University,UNK
UNK:Emory University,Emory University,UNK
UNK:Geoff Ogilvy,Geoff Ogilvy,UNK
UNK:Thomas Jefferson University,Thomas Jefferson University,UNK
UNK:Jeff Bowden,Jeff Bowden,UNK
UNK:Ontario County,Ontario County,UNK
UNK:Canadice Lake,Canadice Lake,UNK
UNK:Dale Bumpers,Dale Bumpers,UNK
UNK:Arkansas,Arkansas,UNK
UNK:Southeastern Connecticut,Southeastern Connecticut,UNK
UNK:Edward Bronfman,Edward Bronfman,UNK
UNK:Seagram,Seagram,UNK
UNK:Samuel Bronfman,Samuel Bronfman,UNK
UNK:Bet Shemesh,Bet Shemesh,UNK
UNK:Fudan University,Fudan University,UNK
UNK:Mary Ellen Keating,Mary Ellen Keating,UNK
UNK:Barnes & Noble,Barnes & Noble,UNK
UNK:Kandahar,Kandahar,UNK
UNK:Waterloo,Waterloo,UNK
UNK:Sonoma,Sonoma,UNK
UNK:Los Angeles County,Los Angeles County,UNK
UNK:Stockton,Stockton,UNK
UNK:Lee Kuan Yew,Lee Kuan Yew,UNK
UNK:Lee Hsien Loong,Lee Hsien Loong,UNK
UNK:Goh Chok Tong,Goh Chok Tong,UNK
UNK:Perth,Perth,UNK
UNK:Milton Babbitt,Milton Babbitt,UNK
UNK:Juilliard School,Juilliard School,UNK
UNK:Elliott Carter,Elliott Carter,UNK
UNK:Irving Layton,Irving Layton,UNK
UNK:Wrightsville Beach,Wrightsville Beach,UNK
UNK:Carolina Beach,Carolina Beach,UNK
UNK:North Canton,North Canton,UNK
UNK:Buenos Aires,Buenos Aires,UNK
UNK:Michael Geist,Michael Geist,UNK
UNK:University of Ottawa,University of Ottawa,UNK
UNK:Masaru Ibuka,Masaru Ibuka,UNK
UNK:Eli Broad,Eli Broad,UNK
UNK:David Simon,David Simon,UNK
UNK:Baltimore,Baltimore,UNK
UNK:Madonna,Madonna,UNK
UNK:Kyle Busch,Kyle Busch,UNK
UNK:Las Vegas,Las Vegas,UNK
UNK:Akio Morita,Akio Morita,UNK
UNK:Midwood,Midwood,UNK
UNK:Bedford-Stuyvesant,Bedford-Stuyvesant,UNK
UNK:Mark Vaile,Mark Vaile,UNK
UNK:Nablus,Nablus,UNK
UNK:Valdez,Valdez,UNK
UNK:Hull House,Hull House,UNK
UNK:Jane Addams,Jane Addams,UNK
UNK:John Dewey,John Dewey,UNK
UNK:Roman Kostomarov,Roman Kostomarov,UNK
UNK:Red Bank,Red Bank,UNK
UNK:Lambertville,Lambertville,UNK
UNK:North Adams,North Adams,UNK
UNK:Vasily Smyslov,Vasily Smyslov,UNK
UNK:John J. Mack,John J. Mack,UNK
UNK:Bill Richardson,Bill Richardson,UNK
UNK:Gabriel Chagas,Gabriel Chagas,UNK
UNK:Clark,Clark,UNK
UNK:Kearny,Kearny,UNK
UNK:Wayne County,Wayne County,UNK
UNK:Detroit Lions,Detroit Lions,UNK
UNK:Comerica Park,Comerica Park,UNK
UNK:Kowloon,Kowloon,UNK
UNK:Norfolk,Norfolk,UNK
UNK:Newport News,Newport News,UNK
UNK:Chesapeake Bay,Chesapeake Bay,UNK
UNK:Coconut Grove,Coconut Grove,UNK
UNK:Felix Rohatyn,Felix Rohatyn,UNK
UNK:Villa Medici,Villa Medici,UNK
UNK:Rice University,Rice University,UNK
UNK:Jerry,Jerry,UNK
UNK:Eilat,Eilat,UNK
UNK:Nancy Pelosi,Nancy Pelosi,UNK
UNK:John Hostettler,John Hostettler,UNK
UNK:Luxembourg,Luxembourg,UNK
UNK:Differdange,Differdange,UNK
UNK:Nepal,Nepal,UNK
UNK:Bernie Machen,Bernie Machen,UNK
UNK:Central Florida,Central Florida,UNK
UNK:Stuyvesant,Stuyvesant,UNK
UNK:Digna Ochoa,Digna Ochoa,UNK
UNK:Cedarhurst,Cedarhurst,UNK
UNK:Chappaqua,Chappaqua,UNK
UNK:Valley Forge National Historical Park,Valley Forge National Historical Park,UNK
UNK:Jawed Ludin,Jawed Ludin,UNK
UNK:Prospect Park South,Prospect Park South,UNK
UNK:Huambo,Huambo,UNK
UNK:Kuito,Kuito,UNK
UNK:Boston University,Boston University,UNK
UNK:Jeddah,Jeddah,UNK
UNK:Dhahran,Dhahran,UNK
UNK:Isfahan,Isfahan,UNK
UNK:Galeries Lafayette,Galeries Lafayette,UNK
UNK:Nymphenburg Palace,Nymphenburg Palace,UNK
UNK:Bavaria,Bavaria,UNK
UNK:Monterey County,Monterey County,UNK
UNK:Tarrytown,Tarrytown,UNK
UNK:Hoboken,Hoboken,UNK
UNK:Chemung County,Chemung County,UNK
UNK:Jedwabne,Jedwabne,UNK
UNK:Bologna,Bologna,UNK
UNK:Lisse,Lisse,UNK
UNK:Sheldon Whitehouse,Sheldon Whitehouse,UNK
UNK:Rhode Island,Rhode Island,UNK
UNK:Shawne Merriman,Shawne Merriman,UNK
UNK:Anne Sweeney,Anne Sweeney,UNK
UNK:Disney-ABC Television Group,Disney-ABC Television Group,UNK
UNK:Tuckahoe,Tuckahoe,UNK
UNK:Curitiba,Curitiba,UNK
UNK:Ahmad,Ahmad,UNK
UNK:Campania,Campania,UNK
UNK:Sardinia,Sardinia,UNK
UNK:Erfurt,Erfurt,UNK
UNK:Garden City,Garden City,UNK
UNK:Erie County,Erie County,UNK
UNK:Loudonville,Loudonville,UNK
UNK:Siena College,Siena College,UNK
UNK:Broome County,Broome County,UNK
UNK:Binghamton,Binghamton,UNK
UNK:Syracuse,Syracuse,UNK
UNK:State University of New York,State University of New York,UNK
UNK:Andrew Toti,Andrew Toti,UNK
UNK:Modesto,Modesto,UNK
UNK:Puebla,Puebla,UNK
UNK:West Goshen,West Goshen,UNK
UNK:Stephen Kotkin,Stephen Kotkin,UNK
UNK:Princeton University,Princeton University,UNK
UNK:Stanford University,Stanford University,UNK
UNK:Szeged,Szeged,UNK
UNK:Jozsef Gregor,Jozsef Gregor,UNK
UNK:Beirut,Beirut,UNK
UNK:Sarasota,Sarasota,UNK
UNK:Austin,Austin,UNK
UNK:Bingham Canyon,Bingham Canyon,UNK
UNK:Carleton University,Carleton University,UNK
UNK:Tanzania,Tanzania,UNK
UNK:Malcolm Campbell,Malcolm Campbell,UNK
UNK:Donald Campbell,Donald Campbell,UNK
UNK:Brian Brohm,Brian Brohm,UNK
UNK:Barberton,Barberton,UNK
UNK:Kawasaki,Kawasaki,UNK
UNK:Kveta Peschke,Kveta Peschke,UNK
UNK:Flavia Pennetta,Flavia Pennetta,UNK
UNK:Guillermo Coria,Guillermo Coria,UNK
UNK:Juan Carlos Ferrero,Juan Carlos Ferrero,UNK
UNK:City Hall,City Hall,UNK
UNK:Georg Philipp Telemann,Georg Philipp Telemann,UNK
UNK:Johann Kuhnau,Johann Kuhnau,UNK
UNK:Roger Federer,Roger Federer,UNK
UNK:Marc Jackson,Marc Jackson,UNK
UNK:Milan,Milan,UNK
UNK:Lod,Lod,UNK
UNK:Manaus,Manaus,UNK
UNK:Adriano Alves,Adriano Alves,UNK
UNK:Najam Sethi,Najam Sethi,UNK
UNK:Sigulda,Sigulda,UNK
UNK:York,York,UNK
UNK:Gibraltar,Gibraltar,UNK
UNK:Provo,Provo,UNK
UNK:Salt Lake City,Salt Lake City,UNK
UNK:Lehi,Lehi,UNK
UNK:Tom Coburn,Tom Coburn,UNK
UNK:Oklahoma,Oklahoma,UNK
UNK:Louis J. Freeh,Louis J. Freeh,UNK
UNK:Federal Bureau of Investigation,Federal Bureau of Investigation,UNK
UNK:Hunterdon County,Hunterdon County,UNK
UNK:Oldwick,Oldwick,UNK
UNK:Ector County Independent School District,Ector County Independent School District,UNK
UNK:Modena,Modena,UNK
UNK:Claude Berri,Claude Berri,UNK
UNK:Graham Parker,Graham Parker,UNK
UNK:Esa-Pekka Salonen,Esa-Pekka Salonen,UNK
UNK:Mount Desert,Mount Desert,UNK
UNK:Trinidad and Tobago,Trinidad and Tobago,UNK
UNK:Port of Spain,Port of Spain,UNK
UNK:Galveston County,Galveston County,UNK
UNK:Galveston,Galveston,UNK
UNK:Benjamin Franklin,Benjamin Franklin,UNK
UNK:Donovan McNabb,Donovan McNabb,UNK
UNK:Scottsdale,Scottsdale,UNK
UNK:Taliesin West,Taliesin West,UNK
UNK:East Haddam,East Haddam,UNK
UNK:Goodspeed Opera House,Goodspeed Opera House,UNK
UNK:Cook County,Cook County,UNK
UNK:Gary Chaison,Gary Chaison,UNK
UNK:Clark University,Clark University,UNK
UNK:Worcester,Worcester,UNK
UNK:Sidney Green,Sidney Green,UNK
UNK:Taurean Green,Taurean Green,UNK
UNK:Tito Horford,Tito Horford,UNK
UNK:Al Horford,Al Horford,UNK
UNK:Salamanca,Salamanca,UNK
UNK:Sofia,Sofia,UNK
UNK:Bulgaria,Bulgaria,UNK
UNK:Al Gore,Al Gore,UNK
UNK:Katharine Hepburn,Katharine Hepburn,UNK
UNK:Passaic County,Passaic County,UNK
UNK:DuPage County,DuPage County,UNK
UNK:Wheaton,Wheaton,UNK
UNK:Isabella Stewart Gardner Museum,Isabella Stewart Gardner Museum,UNK
UNK:Niagara County,Niagara County,UNK
UNK:Lockport,Lockport,UNK
UNK:Little Neck,Little Neck,UNK
UNK:North Akron,North Akron,UNK
UNK:Tasmania,Tasmania,UNK
UNK:Lake Pedder,Lake Pedder,UNK
UNK:Mount Anne,Mount Anne,UNK
UNK:Hobart,Hobart,UNK
UNK:Samir Arora,Samir Arora,UNK
UNK:Glam Media,Glam Media,UNK
UNK:Potsdam,Potsdam,UNK
UNK:Joe Quesada,Joe Quesada,UNK
UNK:Uffing,Uffing,UNK
UNK:Sheldon Silver,Sheldon Silver,UNK
UNK:Pankaj Mishra,Pankaj Mishra,UNK
UNK:Frankfort,Frankfort,UNK
UNK:Banda Aceh,Banda Aceh,UNK
UNK:Santa Monica,Santa Monica,UNK
UNK:Arnaldo Antunes,Arnaldo Antunes,UNK
UNK:Karachi,Karachi,UNK
UNK:Bethesda,Bethesda,UNK
UNK:Lesotho,Lesotho,UNK
UNK:Mafeteng,Mafeteng,UNK
UNK:Donald Kennedy,Donald Kennedy,UNK
UNK:Food and Drug Administration,Food and Drug Administration,UNK
UNK:Philippe Kahn,Philippe Kahn,UNK
UNK:LightSurf Technologies,LightSurf Technologies,UNK
UNK:Dallas,Dallas,UNK
UNK:Green Bay,Green Bay,UNK
UNK:Lambeau Field,Lambeau Field,UNK
UNK:Soichi Noguchi,Soichi Noguchi,UNK
UNK:Ronald D. Liebowitz,Ronald D. Liebowitz,UNK
UNK:Middlebury College,Middlebury College,UNK
UNK:Guanajuato,Guanajuato,UNK
UNK:Perry Link,Perry Link,UNK
UNK:Fort Lauderdale,Fort Lauderdale,UNK
UNK:Winchester Mystery House,Winchester Mystery House,UNK
UNK:Jaime Moreno,Jaime Moreno,UNK
UNK:Fernando Torres,Fernando Torres,UNK
UNK:Texas Rangers,Texas Rangers,UNK
UNK:Hunter R. Rawlings III,Hunter R. Rawlings III,UNK
UNK:Hollis,Hollis,UNK
UNK:Richard Lindner,Richard Lindner,UNK
UNK:AT&T,AT&T,UNK
UNK:Brad Pitt,Brad Pitt,UNK
UNK:Shiloh Nouvel Jolie-Pitt,Shiloh Nouvel Jolie-Pitt,UNK
UNK:Angelina Jolie,Angelina Jolie,UNK
UNK:El Alto,El Alto,UNK
UNK:Rentrak,Rentrak,UNK
UNK:Johnny Unitas,Johnny Unitas,UNK
UNK:Don Sherwood,Don Sherwood,UNK
UNK:Neuschwanstein Castle,Neuschwanstein Castle,UNK
UNK:Edward R. Murrow,Edward R. Murrow,UNK
UNK:Sam Hoyt,Sam Hoyt,UNK
UNK:George Pataki,George Pataki,UNK
UNK:Prenzlauer Berg,Prenzlauer Berg,UNK
UNK:Mitte,Mitte,UNK
UNK:Stanford,Stanford,UNK
UNK:Veronica Campbell,Veronica Campbell,UNK
UNK:Sumatra,Sumatra,UNK
UNK:Abbas Abdi,Abbas Abdi,UNK
UNK:Carolyn B. Maloney,Carolyn B. Maloney,UNK
UNK:Mikael Tellqvist,Mikael Tellqvist,UNK
UNK:Marian Hossa,Marian Hossa,UNK
UNK:Slovakia,Slovakia,UNK
UNK:Giulio Tremonti,Giulio Tremonti,UNK
UNK:Atlantic County,Atlantic County,UNK
UNK:Mont Belvieu,Mont Belvieu,UNK
UNK:Murray Hill,Murray Hill,UNK
UNK:Davenport,Davenport,UNK
UNK:Bushehr,Bushehr,UNK
UNK:Kauai,Kauai,UNK
UNK:East Rockaway,East Rockaway,UNK
UNK:Queensland,Queensland,UNK
UNK:Brisbane,Brisbane,UNK
UNK:Lausanne,Lausanne,UNK
UNK:Grand View-on-Hudson,Grand View-on-Hudson,UNK
UNK:Western Hemisphere,Western Hemisphere,UNK
UNK:United States of America,United States of America,UNK
UNK:Montgomery,Montgomery,UNK
UNK:Boerum Hill,Boerum Hill,UNK
UNK:George Stephanopoulos,George Stephanopoulos,UNK
UNK:ABC News,ABC News,UNK
UNK:Straffan,Straffan,UNK
UNK:Comiskey Park,Comiskey Park,UNK
UNK:Marshall Goldberg,Marshall Goldberg,UNK
UNK:Ithaca,Ithaca,UNK
UNK:George Eliot,George Eliot,UNK
UNK:Hsinchu,Hsinchu,UNK
UNK:Wadowice,Wadowice,UNK
UNK:Yad Vashem,Yad Vashem,UNK
UNK:Mohammad Saeedi,Mohammad Saeedi,UNK
UNK:University of Washington School of Medicine,University of Washington School of Medicine,UNK
UNK:Fort Worth,Fort Worth,UNK
UNK:Kimbell Art Museum,Kimbell Art Museum,UNK
UNK:Teaneck,Teaneck,UNK
UNK:Bergenfield,Bergenfield,UNK
UNK:Carnegie Institute of Technology,Carnegie Institute of Technology,UNK
UNK:Bushnell Park,Bushnell Park,UNK
UNK:Kaysville,Kaysville,UNK
UNK:Louisiana State University,Louisiana State University,UNK
UNK:Paul,Paul,UNK
UNK:Brandenburg Gate,Brandenburg Gate,UNK
UNK:Joyce Yang,Joyce Yang,UNK
UNK:Ismail Merchant,Ismail Merchant,UNK
UNK:Lordsburg,Lordsburg,UNK
UNK:Francesco Rutelli,Francesco Rutelli,UNK
UNK:Weimar,Weimar,UNK
UNK:Lake Wales,Lake Wales,UNK
UNK:Englewood,Englewood,UNK
UNK:Nuremberg,Nuremberg,UNK
UNK:Huang Ju,Huang Ju,UNK
UNK:Giorgio Morandi,Giorgio Morandi,UNK
UNK:Piazza Maggiore,Piazza Maggiore,UNK
UNK:Daniel Barenboim,Daniel Barenboim,UNK
UNK:Jonathan Lash,Jonathan Lash,UNK
UNK:World Resources Institute,World Resources Institute,UNK
UNK:Greensburg,Greensburg,UNK
UNK:Seton Hill University,Seton Hill University,UNK
UNK:Michael Symon,Michael Symon,UNK
UNK:Yellow Springs,Yellow Springs,UNK
UNK:Dexter Avenue Baptist Church,Dexter Avenue Baptist Church,UNK
UNK:Jesse Helms,Jesse Helms,UNK
UNK:Westfield,Westfield,UNK
UNK:Yorba Linda,Yorba Linda,UNK
UNK:Beslan,Beslan,UNK
UNK:Fort Sam Houston,Fort Sam Houston,UNK
UNK:Jim Hunt,Jim Hunt,UNK
UNK:Home Depot,Home Depot,UNK
UNK:Staples Center,Staples Center,UNK
UNK:Kenneth R. Miller,Kenneth R. Miller,UNK
UNK:Westhampton,Westhampton,UNK
UNK:Bridgehampton,Bridgehampton,UNK
UNK:LaGuardia Community College,LaGuardia Community College,UNK
UNK:Thomas Scheibitz,Thomas Scheibitz,UNK
UNK:Kreuzberg,Kreuzberg,UNK
UNK:Pitbull,Pitbull,UNK
UNK:New Square,New Square,UNK
UNK:Leicester,Leicester,UNK
UNK:Missouri City,Missouri City,UNK
UNK:Nick Lampson,Nick Lampson,UNK
UNK:Beaumont,Beaumont,UNK
UNK:James Tobin,James Tobin,UNK
UNK:Kiawah Island,Kiawah Island,UNK
UNK:New Britain,New Britain,UNK
UNK:Dutchess County,Dutchess County,UNK
UNK:West Haven,West Haven,UNK
UNK:Yale Field,Yale Field,UNK
UNK:Lubbock,Lubbock,UNK
UNK:Texas Tech University,Texas Tech University,UNK
UNK:Susilo Bambang Yudhoyono,Susilo Bambang Yudhoyono,UNK
UNK:Juan Pablo Montoya,Juan Pablo Montoya,UNK
UNK:Michael Schumacher,Michael Schumacher,UNK
UNK:Albert Schatz,Albert Schatz,UNK
UNK:VIZ Media,VIZ Media,UNK
UNK:Tokyopop,Tokyopop,UNK
UNK:Rye Brook,Rye Brook,UNK
UNK:Briarcliff Manor,Briarcliff Manor,UNK
UNK:David Howell,David Howell,UNK
UNK:Astana,Astana,UNK
UNK:Oaxaca,Oaxaca,UNK
UNK:Gulu,Gulu,UNK
UNK:Ossining,Ossining,UNK
UNK:Slidell,Slidell,UNK
UNK:Estes Kefauver,Estes Kefauver,UNK
UNK:Palm Beach County,Palm Beach County,UNK
UNK:Black Mountains,Black Mountains,UNK
UNK:Westchester,Westchester,UNK
UNK:Medina,Medina,UNK
UNK:Trelleborg,Trelleborg,UNK
UNK:Gerald Grinstein,Gerald Grinstein,UNK
UNK:Delta Air Lines,Delta Air Lines,UNK
UNK:David Ben-Gurion,David Ben-Gurion,UNK
UNK:Temple Mount,Temple Mount,UNK
UNK:Wantagh,Wantagh,UNK
UNK:Mishima,Mishima,UNK
UNK:Kamal Tabrizi,Kamal Tabrizi,UNK
UNK:Kiyoshi Kurosawa,Kiyoshi Kurosawa,UNK
UNK:Bob Kane,Bob Kane,UNK
UNK:DC Comics,DC Comics,UNK
UNK:Yerevan,Yerevan,UNK
UNK:Armenia,Armenia,UNK
UNK:Oberlin,Oberlin,UNK
UNK:Keokuk,Keokuk,UNK
UNK:Cross Creek,Cross Creek,UNK
UNK:Hammerstein Ballroom,Hammerstein Ballroom,UNK
UNK:Egypt,Egypt,UNK
UNK:William Rockefeller,William Rockefeller,UNK
UNK:Standard Oil,Standard Oil,UNK
UNK:Nomar Garciaparra,Nomar Garciaparra,UNK
UNK:Navy,Navy,UNK
UNK:Topeka,Topeka,UNK
UNK:Mount Taranaki,Mount Taranaki,UNK
UNK:Calabar,Calabar,UNK
UNK:Amr Zaki,Amr Zaki,UNK
UNK:Allahabad,Allahabad,UNK
UNK:Basel,Basel,UNK
UNK:Curtis Institute of Music,Curtis Institute of Music,UNK
UNK:Elvis Presley,Elvis Presley,UNK
UNK:Marilyn Monroe,Marilyn Monroe,UNK
UNK:Centerport,Centerport,UNK
UNK:Vanderbilt Museum,Vanderbilt Museum,UNK
UNK:Arthur Koestler,Arthur Koestler,UNK
UNK:Bradford,Bradford,UNK
UNK:Oakland,Oakland,UNK
UNK:Mills College,Mills College,UNK
UNK:Don Melnick,Don Melnick,UNK
UNK:Michael Lewis,Michael Lewis,UNK
UNK:Mitchell Baker,Mitchell Baker,UNK
UNK:Mozilla Corporation,Mozilla Corporation,UNK
UNK:Chandrika Kumaratunga,Chandrika Kumaratunga,UNK
UNK:Bergen County,Bergen County,UNK
UNK:Palisades Interstate Park,Palisades Interstate Park,UNK
UNK:Tamil Nadu,Tamil Nadu,UNK
UNK:Pudupattinam,Pudupattinam,UNK
UNK:Shah Jahan,Shah Jahan,UNK
UNK:Agra,Agra,UNK
UNK:Steuben County,Steuben County,UNK
UNK:Hornell,Hornell,UNK
UNK:Mario Cuomo,Mario Cuomo,UNK
UNK:Andrew Cuomo,Andrew Cuomo,UNK
UNK:Flushing Meadows-Corona Park,Flushing Meadows-Corona Park,UNK
UNK:Upper Manhattan,Upper Manhattan,UNK
UNK:Gracie Mansion,Gracie Mansion,UNK
UNK:J. Steven Whisler,J. Steven Whisler,UNK
UNK:Phelps Dodge,Phelps Dodge,UNK
UNK:Marco Materazzi,Marco Materazzi,UNK
UNK:Taiichi Ohno,Taiichi Ohno,UNK
UNK:Onondaga Lake,Onondaga Lake,UNK
UNK:Ashkelon,Ashkelon,UNK
UNK:Robert Alda,Robert Alda,UNK
UNK:Moosehead Lake,Moosehead Lake,UNK
UNK:Norwalk,Norwalk,UNK
UNK:Green-Wood Cemetery,Green-Wood Cemetery,UNK
UNK:Ebrahim Moosa,Ebrahim Moosa,UNK
UNK:Duke University,Duke University,UNK
UNK:Abraham,Abraham,UNK
UNK:Ishmael,Ishmael,UNK
UNK:Hagar,Hagar,UNK
UNK:Makena,Makena,UNK
UNK:Lynbrook,Lynbrook,UNK
UNK:Benjamin Raich,Benjamin Raich,UNK
UNK:Akira Sasaki,Akira Sasaki,UNK
UNK:Orange County,Orange County,UNK
UNK:Fountain Valley,Fountain Valley,UNK
UNK:Bobby Jindal,Bobby Jindal,UNK
UNK:Rabun County,Rabun County,UNK
UNK:Tallulah Falls,Tallulah Falls,UNK
UNK:Lake Rabun,Lake Rabun,UNK
UNK:Fort Wadsworth,Fort Wadsworth,UNK
UNK:Bundaberg,Bundaberg,UNK
UNK:Brendon Ayanbadejo,Brendon Ayanbadejo,UNK
UNK:North Fork,North Fork,UNK
UNK:Guatemala,Guatemala,UNK
UNK:Lionel Messi,Lionel Messi,UNK
UNK:Ronaldinho,Ronaldinho,UNK
UNK:Kevin Gaughan,Kevin Gaughan,UNK
UNK:Kai-Fu Lee,Kai-Fu Lee,UNK
UNK:Wilmette,Wilmette,UNK
UNK:Fieldston,Fieldston,UNK
UNK:Senegal,Senegal,UNK
UNK:Mount Mansfield,Mount Mansfield,UNK
UNK:Stowe,Stowe,UNK
UNK:Fairfield County,Fairfield County,UNK
UNK:Tulsa,Tulsa,UNK
UNK:Jesse,Jesse,UNK
UNK:David,David,UNK
UNK:Willy Brandt,Willy Brandt,UNK
UNK:Lucknow,Lucknow,UNK
UNK:Shirley Ann Jackson,Shirley Ann Jackson,UNK
UNK:Rensselaer Polytechnic Institute,Rensselaer Polytechnic Institute,UNK
UNK:Craig Mundie,Craig Mundie,UNK
UNK:Marc Andreessen,Marc Andreessen,UNK
UNK:Netscape,Netscape,UNK
UNK:Barbara Bush,Barbara Bush,UNK
UNK:Taos,Taos,UNK
UNK:Taos Inn,Taos Inn,UNK
UNK:San Francisco Bay Area,San Francisco Bay Area,UNK
UNK:Pleasanton,Pleasanton,UNK
UNK:Harry Reasoner,Harry Reasoner,UNK
UNK:Ronaldo,Ronaldo,UNK
UNK:Darijo Srna,Darijo Srna,UNK
UNK:Nicolas Kiefer,Nicolas Kiefer,UNK
UNK:Rixensart,Rixensart,UNK
UNK:Leo Strauss,Leo Strauss,UNK
UNK:Edgar Bergen,Edgar Bergen,UNK
UNK:Candice Bergen,Candice Bergen,UNK
UNK:Encino,Encino,UNK
UNK:Jorginho,Jorginho,UNK
UNK:Rio de Janeiro,Rio de Janeiro,UNK
UNK:General Electric,General Electric,UNK
UNK:Jeffrey R. Immelt,Jeffrey R. Immelt,UNK
UNK:David Geffen,David Geffen,UNK
UNK:Joe Barton,Joe Barton,UNK
UNK:Vladikavkaz,Vladikavkaz,UNK
UNK:Karen Shakhnazarov,Karen Shakhnazarov,UNK
UNK:Mosfilm,Mosfilm,UNK
UNK:Pennsauken,Pennsauken,UNK
UNK:Central Islip,Central Islip,UNK
UNK:Great Britain,Great Britain,UNK
UNK:Meriden,Meriden,UNK
UNK:Clifton,Clifton,UNK
UNK:Orange,Orange,UNK
UNK:West Orange,West Orange,UNK
UNK:Nye County,Nye County,UNK
UNK:Pahrump,Pahrump,UNK
UNK:Lamar Hunt,Lamar Hunt,UNK
UNK:Waterbury,Waterbury,UNK
UNK:Xinchang,Xinchang,UNK
UNK:Jean Martin,Jean Martin,UNK
UNK:Cleveland Heights,Cleveland Heights,UNK
UNK:Jimmy Rollins,Jimmy Rollins,UNK
UNK:Rickey Henderson,Rickey Henderson,UNK
UNK:Isaac,Isaac,UNK
UNK:Almaty,Almaty,UNK
UNK:George H. W. Bush,George H. W. Bush,UNK
UNK:Tyler,Tyler,UNK
UNK:Orhan Pamuk,Orhan Pamuk,UNK
UNK:Chihuahua,Chihuahua,UNK
UNK:Shaquille O'Neal,Shaquille O'Neal,UNK
UNK:Bronxville,Bronxville,UNK
UNK:Michael D. Capellas,Michael D. Capellas,UNK
UNK:Gertrude Himmelfarb,Gertrude Himmelfarb,UNK
UNK:William Kristol,William Kristol,UNK
UNK:Irving Kristol,Irving Kristol,UNK
UNK:Merrick,Merrick,UNK
UNK:Fire Island,Fire Island,UNK
UNK:Jim Leach,Jim Leach,UNK
UNK:Muncie,Muncie,UNK
UNK:Youngstown,Youngstown,UNK
UNK:Kenwood,Kenwood,UNK
UNK:Blessington,Blessington,UNK
UNK:Showa,Showa,UNK
UNK:Grand Ayatollah Ali al-Sistani,Grand Ayatollah Ali al-Sistani,UNK
UNK:Tikrit,Tikrit,UNK
UNK:Manhasset,Manhasset,UNK
UNK:Richard C. Notebaert,Richard C. Notebaert,UNK
UNK:Qwest,Qwest,UNK
UNK:Luther,Luther,UNK
UNK:Vieques,Vieques,UNK
UNK:Michael Rasmussen,Michael Rasmussen,UNK
UNK:Hilal Khashan,Hilal Khashan,UNK
UNK:Weeksville,Weeksville,UNK
UNK:Tom Glavine,Tom Glavine,UNK
UNK:Changsha,Changsha,UNK
UNK:Jiangsu,Jiangsu,UNK
UNK:Yangtze River Delta,Yangtze River Delta,UNK
UNK:North Lawndale,North Lawndale,UNK
UNK:Westwood,Westwood,UNK
UNK:Woodcliff Lake,Woodcliff Lake,UNK
UNK:River Vale,River Vale,UNK
UNK:Montvale,Montvale,UNK
UNK:Stef Wertheimer,Stef Wertheimer,UNK
UNK:Cochabamba,Cochabamba,UNK
UNK:William Morris,William Morris,UNK
UNK:Husain Haqqani,Husain Haqqani,UNK
UNK:Allen Iverson,Allen Iverson,UNK
UNK:Tony Parker,Tony Parker,UNK
UNK:Manu Ginobili,Manu Ginobili,UNK
UNK:Abbas Milani,Abbas Milani,UNK
UNK:Casey Dellacqua,Casey Dellacqua,UNK
UNK:Rod Laver Arena,Rod Laver Arena,UNK
UNK:Francesca Schiavone,Francesca Schiavone,UNK
UNK:Thaksin Shinawatra,Thaksin Shinawatra,UNK
UNK:Zabul Province,Zabul Province,UNK
UNK:Qalat,Qalat,UNK
UNK:Hubei,Hubei,UNK
UNK:Flatlands,Flatlands,UNK
UNK:Jim Tressel,Jim Tressel,UNK
UNK:Kaliningrad,Kaliningrad,UNK
UNK:Gertrude Stein,Gertrude Stein,UNK
UNK:Maxine Waters,Maxine Waters,UNK
UNK:Jeffrey Katzenberg,Jeffrey Katzenberg,UNK
UNK:DreamWorks Animation,DreamWorks Animation,UNK
UNK:Dan Glickman,Dan Glickman,UNK
UNK:Motion Picture Association of America,Motion Picture Association of America,UNK
UNK:Bank of America,Bank of America,UNK
UNK:Charles K. Gifford,Charles K. Gifford,UNK
UNK:Robert D. Walter,Robert D. Walter,UNK
UNK:Cardinal Health,Cardinal Health,UNK
UNK:Teterboro,Teterboro,UNK
UNK:Cherry Hill,Cherry Hill,UNK
UNK:Rotterdam,Rotterdam,UNK
UNK:Michel Simon,Michel Simon,UNK
UNK:Hilliard,Hilliard,UNK
UNK:Radnor,Radnor,UNK
UNK:Cabrini College,Cabrini College,UNK
UNK:Jeff Francoeur,Jeff Francoeur,UNK
UNK:Brian McCann,Brian McCann,UNK
UNK:Michael Adams,Michael Adams,UNK
UNK:Lorenzo Ghiberti,Lorenzo Ghiberti,UNK
UNK:Michigan,Michigan,UNK
UNK:Ann Arbor,Ann Arbor,UNK
UNK:Pascagoula,Pascagoula,UNK
UNK:Bay St. Louis,Bay St. Louis,UNK
UNK:William J. Jefferson,William J. Jefferson,UNK
UNK:Nokia,Nokia,UNK
UNK:Espoo,Espoo,UNK
UNK:Jorma Ollila,Jorma Ollila,UNK
UNK:Olli-Pekka Kallasvuo,Olli-Pekka Kallasvuo,UNK
UNK:Narragansett Pier,Narragansett Pier,UNK
UNK:Kensington Palace,Kensington Palace,UNK
UNK:Croton-on-Hudson,Croton-on-Hudson,UNK
UNK:Ketchum,Ketchum,UNK
UNK:Stephen Riggio,Stephen Riggio,UNK
UNK:Washington Square Park,Washington Square Park,UNK
UNK:Schofield Barracks,Schofield Barracks,UNK
UNK:Sylvia Plath,Sylvia Plath,UNK
UNK:Jana Bennett,Jana Bennett,UNK
UNK:Israel Museum,Israel Museum,UNK
UNK:Rahway,Rahway,UNK
UNK:Peekskill,Peekskill,UNK
UNK:John Wooden,John Wooden,UNK
UNK:Evanston,Evanston,UNK
UNK:Colonia Dignidad,Colonia Dignidad,UNK
UNK:Heizo Takenaka,Heizo Takenaka,UNK
UNK:Yoshimasa Hayashi,Yoshimasa Hayashi,UNK
UNK:Nyack,Nyack,UNK
UNK:Geneva,Geneva,UNK
UNK:Temple Emanu-El,Temple Emanu-El,UNK
UNK:Taconic State Parkway,Taconic State Parkway,UNK
UNK:Shenzhen,Shenzhen,UNK
UNK:Kim Jong-il,Kim Jong-il,UNK
UNK:Watertown,Watertown,UNK
UNK:David Mamet,David Mamet,UNK
UNK:Frank Lloyd Wright,Frank Lloyd Wright,UNK
UNK:Taliesin,Taliesin,UNK
UNK:Maharashtra,Maharashtra,UNK
UNK:Andhra Pradesh,Andhra Pradesh,UNK
UNK:Chilakaluripet,Chilakaluripet,UNK
UNK:Short Hills,Short Hills,UNK
UNK:Tigris,Tigris,UNK
UNK:Miyazaki,Miyazaki,UNK
UNK:Red Sea,Red Sea,UNK
UNK:Port Sudan,Port Sudan,UNK
UNK:Chan Heng Chee,Chan Heng Chee,UNK
UNK:Mick Keelty,Mick Keelty,UNK
UNK:Hagerstown,Hagerstown,UNK
UNK:Washington County Free Library,Washington County Free Library,UNK
UNK:Jaipur,Jaipur,UNK
UNK:Shrewsbury,Shrewsbury,UNK
UNK:Rita,Rita,UNK
UNK:New York Aquarium,New York Aquarium,UNK
UNK:Robert Fox,Robert Fox,UNK
UNK:Eastern Parkway,Eastern Parkway,UNK
UNK:Fauchon,Fauchon,UNK
UNK:Beacon,Beacon,UNK
UNK:Lincolnville,Lincolnville,UNK
UNK:Neil Welliver,Neil Welliver,UNK
UNK:Alan K. Simpson,Alan K. Simpson,UNK
UNK:Katie Couric,Katie Couric,UNK
UNK:El Paso,El Paso,UNK
UNK:Rio Grande,Rio Grande,UNK
UNK:Sammo Hung,Sammo Hung,UNK
UNK:Kamakura,Kamakura,UNK
UNK:Renaud Donnedieu de Vabres,Renaud Donnedieu de Vabres,UNK
UNK:Dawn E. Hudson,Dawn E. Hudson,UNK
UNK:Pepsi-Cola North America,Pepsi-Cola North America,UNK
UNK:Donald Trump,Donald Trump,UNK
UNK:Christopher Benfey,Christopher Benfey,UNK
UNK:Mount Holyoke College,Mount Holyoke College,UNK
UNK:Mary Fallin,Mary Fallin,UNK
UNK:Shawnee,Shawnee,UNK
UNK:United Kingdom,United Kingdom,UNK
UNK:Beacon Hill,Beacon Hill,UNK
UNK:Tulum,Tulum,UNK
UNK:Republican,Republican,UNK
UNK:Dodo Marmarosa,Dodo Marmarosa,UNK
UNK:Mary Higgins Clark,Mary Higgins Clark,UNK
UNK:Carol Higgins Clark,Carol Higgins Clark,UNK
UNK:Irma S. Rombauer,Irma S. Rombauer,UNK
UNK:Marion Rombauer Becker,Marion Rombauer Becker,UNK
UNK:John M. Fabrizi,John M. Fabrizi,UNK
UNK:Bridgeport,Bridgeport,UNK
UNK:Wojciech Jaruzelski,Wojciech Jaruzelski,UNK
UNK:Belarus,Belarus,UNK
UNK:Glenn Research Center,Glenn Research Center,UNK
UNK:Willowbrook,Willowbrook,UNK
UNK:Chez Panisse,Chez Panisse,UNK
UNK:David O. Sacks,David O. Sacks,UNK
UNK:Nina Ricci,Nina Ricci,UNK
UNK:Cork,Cork,UNK
UNK:Daina Taimina,Daina Taimina,UNK
UNK:Timmins,Timmins,UNK
UNK:Morocco,Morocco,UNK
UNK:Atlas Mountains,Atlas Mountains,UNK
UNK:Maspeth,Maspeth,UNK
UNK:Andrew Fastow,Andrew Fastow,UNK
UNK:Rock Hill,Rock Hill,UNK
UNK:Matt Blunt,Matt Blunt,UNK
UNK:Lennart Meri,Lennart Meri,UNK
UNK:Tallinn,Tallinn,UNK
UNK:Issam Makhoul,Issam Makhoul,UNK
UNK:County Kildare,County Kildare,UNK
UNK:Lanai,Lanai,UNK
UNK:Morris Beach,Morris Beach,UNK
UNK:Chesilhurst,Chesilhurst,UNK
UNK:Port Republic,Port Republic,UNK
UNK:Billy Porter,Billy Porter,UNK
UNK:Mendocino County,Mendocino County,UNK
UNK:Doug Bereuter,Doug Bereuter,UNK
UNK:Thomas Reiter,Thomas Reiter,UNK
UNK:Yokohama,Yokohama,UNK
UNK:Vinegar Hill,Vinegar Hill,UNK
UNK:Todd Tiahrt,Todd Tiahrt,UNK
UNK:Knoxville,Knoxville,UNK
UNK:Neyland Stadium,Neyland Stadium,UNK
UNK:J Allard,J Allard,UNK
UNK:Satoru Iwata,Satoru Iwata,UNK
UNK:Nintendo,Nintendo,UNK
UNK:North America,North America,UNK
UNK:Crested Butte Mountain Resort,Crested Butte Mountain Resort,UNK
UNK:Jiminy Peak,Jiminy Peak,UNK
UNK:Betty Comden,Betty Comden,UNK
UNK:Cagliari,Cagliari,UNK
UNK:Arizona Diamondbacks,Arizona Diamondbacks,UNK
UNK:Jiang Zemin,Jiang Zemin,UNK
UNK:Wu Bangguo,Wu Bangguo,UNK
UNK:Novak Djokovic,Novak Djokovic,UNK
UNK:Jarkko Nieminen,Jarkko Nieminen,UNK
UNK:Kim Clijsters,Kim Clijsters,UNK
UNK:David Ferrer,David Ferrer,UNK
UNK:Rex W. Tillerson,Rex W. Tillerson,UNK
UNK:Exxon Mobil,Exxon Mobil,UNK
UNK:Paolo Scaroni,Paolo Scaroni,UNK
UNK:Eni,Eni,UNK
UNK:Saratoga Springs,Saratoga Springs,UNK
UNK:Ushuaia,Ushuaia,UNK
UNK:Alejandro Toledo,Alejandro Toledo,UNK
UNK:Kut,Kut,UNK
UNK:John J. DeGioia,John J. DeGioia,UNK
UNK:Royal College of Art,Royal College of Art,UNK
UNK:Coventry,Coventry,UNK
UNK:Rockland,Rockland,UNK
UNK:Tom Golisano,Tom Golisano,UNK
UNK:Joseph E. Stiglitz,Joseph E. Stiglitz,UNK
UNK:Rafael Correa,Rafael Correa,UNK
UNK:Ecuador,Ecuador,UNK
UNK:Guayaquil,Guayaquil,UNK
UNK:Raymond James Stadium,Raymond James Stadium,UNK
UNK:Paul Brown Stadium,Paul Brown Stadium,UNK
UNK:James Kim,James Kim,UNK
UNK:Bergamo,Bergamo,UNK
UNK:Loretta Weinberg,Loretta Weinberg,UNK
UNK:Windom,Windom,UNK
UNK:Vivien Leigh,Vivien Leigh,UNK
UNK:Boonton,Boonton,UNK
UNK:Seville,Seville,UNK
UNK:Andalusia,Andalusia,UNK
UNK:Theo Epstein,Theo Epstein,UNK
UNK:Tadahito Iguchi,Tadahito Iguchi,UNK
UNK:Braunschweig,Braunschweig,UNK
UNK:Herford,Herford,UNK
UNK:Sundeep Waslekar,Sundeep Waslekar,UNK
UNK:Greenburgh,Greenburgh,UNK
UNK:Saugerties,Saugerties,UNK
UNK:Pernilla Wiberg,Pernilla Wiberg,UNK
UNK:Faubourg Marigny,Faubourg Marigny,UNK
UNK:Jared Bernstein,Jared Bernstein,UNK
UNK:Economic Policy Institute,Economic Policy Institute,UNK
UNK:Watkins Glen,Watkins Glen,UNK
UNK:Giuseppe Di Stefano,Giuseppe Di Stefano,UNK
UNK:Santa Barbara County,Santa Barbara County,UNK
UNK:Lincoln,Lincoln,UNK
UNK:Ban Ki-moon,Ban Ki-moon,UNK
UNK:Kitchener,Kitchener,UNK
UNK:Northampton County,Northampton County,UNK
UNK:Jenin,Jenin,UNK
UNK:Euphrates,Euphrates,UNK
UNK:Aleppo,Aleppo,UNK
UNK:John Brabender,John Brabender,UNK
UNK:Gettysburg,Gettysburg,UNK
UNK:Lviv,Lviv,UNK
UNK:Allentown,Allentown,UNK
UNK:Easton,Easton,UNK
UNK:Harrisburg,Harrisburg,UNK
UNK:Raffles Hotel,Raffles Hotel,UNK
UNK:New Sweden,New Sweden,UNK
UNK:Linda Cooper,Linda Cooper,UNK
UNK:Yorktown,Yorktown,UNK
UNK:Carroll Gardens,Carroll Gardens,UNK
UNK:Robert A. Lutz,Robert A. Lutz,UNK
UNK:General Motors,General Motors,UNK
UNK:West Hurley,West Hurley,UNK
UNK:Ranjit Hoskote,Ranjit Hoskote,UNK
UNK:Anna Chakvetadze,Anna Chakvetadze,UNK
UNK:Steve Buyer,Steve Buyer,UNK
UNK:Temple University,Temple University,UNK
UNK:Whitestone,Whitestone,UNK
UNK:Bedford Corners,Bedford Corners,UNK
UNK:Kathleen Sebelius,Kathleen Sebelius,UNK
UNK:Lionel Tate,Lionel Tate,UNK
UNK:Tulkarm,Tulkarm,UNK
UNK:Lighthouse Point,Lighthouse Point,UNK
UNK:Coral Springs,Coral Springs,UNK
UNK:Fredonia,Fredonia,UNK
UNK:Liu Qing,Liu Qing,UNK
UNK:Zhao Ziyang,Zhao Ziyang,UNK
UNK:Waltham,Waltham,UNK
UNK:Nahant,Nahant,UNK
UNK:South Florida,South Florida,UNK
UNK:Palm Beach Gardens,Palm Beach Gardens,UNK
UNK:Sun Tiantian,Sun Tiantian,UNK
UNK:Wendelin Wiedeking,Wendelin Wiedeking,UNK
UNK:Porsche,Porsche,UNK
UNK:Martin Winterkorn,Martin Winterkorn,UNK
UNK:Audi,Audi,UNK
UNK:Riverhead,Riverhead,UNK
UNK:Jaromir Jagr,Jaromir Jagr,UNK
UNK:Chilliwack,Chilliwack,UNK
UNK:Forrest McDonald,Forrest McDonald,UNK
UNK:University of Alabama,University of Alabama,UNK
UNK:Livingston,Livingston,UNK
UNK:Jackson,Jackson,UNK
UNK:Gujarat,Gujarat,UNK
UNK:Sherry Turkle,Sherry Turkle,UNK
UNK:Jeff Zucker,Jeff Zucker,UNK
UNK:Viacom,Viacom,UNK
UNK:Clinton,Clinton,UNK
UNK:Stapleton,Stapleton,UNK
UNK:Irvington,Irvington,UNK
UNK:Palisades Park,Palisades Park,UNK
UNK:Queens Village,Queens Village,UNK
UNK:David L. Boren,David L. Boren,UNK
UNK:Louis Armstrong House,Louis Armstrong House,UNK
UNK:Joseph Crowley,Joseph Crowley,UNK
UNK:Oak Park,Oak Park,UNK
UNK:Unity Temple,Unity Temple,UNK
UNK:Jane Jacobs,Jane Jacobs,UNK
UNK:Ayaan Hirsi Ali,Ayaan Hirsi Ali,UNK
UNK:Laurelton,Laurelton,UNK
UNK:Simcha Felder,Simcha Felder,UNK
UNK:Saddle River,Saddle River,UNK
UNK:Art Institute of Chicago,Art Institute of Chicago,UNK
UNK:David E. Sanger,David E. Sanger,UNK
UNK:The New York Times,The New York Times,UNK
UNK:Visteon,Visteon,UNK
UNK:Los Angeles Lakers,Los Angeles Lakers,UNK
UNK:Brant Lake,Brant Lake,UNK
UNK:Batavia,Batavia,UNK
UNK:Wilma,Wilma,UNK
UNK:Punta Gorda,Punta Gorda,UNK
UNK:Michelle Obama,Michelle Obama,UNK
UNK:Borough Park,Borough Park,UNK
UNK:Tulse Hill,Tulse Hill,UNK
UNK:Brixton,Brixton,UNK
UNK:Jean Charles de Menezes,Jean Charles de Menezes,UNK
UNK:Minas Gerais,Minas Gerais,UNK
UNK:Baidoa,Baidoa,UNK
UNK:Paz Vega,Paz Vega,UNK
UNK:Marco Rubio,Marco Rubio,UNK
UNK:Vero Beach,Vero Beach,UNK
UNK:Axochiapan,Axochiapan,UNK
UNK:Tiergarten,Tiergarten,UNK
UNK:Harry Kalas,Harry Kalas,UNK
UNK:Philadelphia Phillies,Philadelphia Phillies,UNK
UNK:Kurt Weill,Kurt Weill,UNK
UNK:Ngozi Okonjo-Iweala,Ngozi Okonjo-Iweala,UNK
UNK:Rosa Parks,Rosa Parks,UNK
UNK:Dennis Archer,Dennis Archer,UNK
UNK:Dirk Kempthorne,Dirk Kempthorne,UNK
UNK:Alexander Downer,Alexander Downer,UNK
UNK:Saxony,Saxony,UNK
UNK:Hesse,Hesse,UNK
UNK:Brian O'Halloran,Brian O'Halloran,UNK
UNK:William Deresiewicz,William Deresiewicz,UNK
UNK:Laurence D. Fink,Laurence D. Fink,UNK
UNK:BlackRock,BlackRock,UNK
UNK:Springdale,Springdale,UNK
UNK:Marion Cotillard,Marion Cotillard,UNK
UNK:Olivier Dahan,Olivier Dahan,UNK
UNK:Tetsuharu Kawakami,Tetsuharu Kawakami,UNK
UNK:Ted Williams,Ted Williams,UNK
UNK:Kawakami,Kawakami,UNK
UNK:Surry,Surry,UNK
UNK:Edward James Olmos,Edward James Olmos,UNK
UNK:East Los Angeles,East Los Angeles,UNK
UNK:Heerenveen,Heerenveen,UNK
UNK:Baghdad International Airport,Baghdad International Airport,UNK
UNK:Amy Roloff,Amy Roloff,UNK
UNK:Oregon,Oregon,UNK
UNK:Brampton,Brampton,UNK
UNK:Northampton,Northampton,UNK
UNK:Essex,Essex,UNK
UNK:Marin County,Marin County,UNK
UNK:San Anselmo,San Anselmo,UNK
UNK:Michael D. White,Michael D. White,UNK
UNK:PepsiCo International,PepsiCo International,UNK
UNK:John Schuerholz,John Schuerholz,UNK
UNK:Sinai Peninsula,Sinai Peninsula,UNK
UNK:Chaim Weizmann,Chaim Weizmann,UNK
UNK:La Plata,La Plata,UNK
UNK:Roy Romer,Roy Romer,UNK
UNK:South Norwalk,South Norwalk,UNK
UNK:Panama,Panama,UNK
UNK:Bensonhurst,Bensonhurst,UNK
UNK:Morningside Heights,Morningside Heights,UNK
UNK:Calpine,Calpine,UNK
UNK:Gram Parsons,Gram Parsons,UNK
UNK:Joshua Tree,Joshua Tree,UNK
UNK:Glenwood Springs,Glenwood Springs,UNK
UNK:Providence,Providence,UNK
UNK:Johnson & Wales University,Johnson & Wales University,UNK
UNK:Alexander Vinokourov,Alexander Vinokourov,UNK
UNK:Francisco Mancebo,Francisco Mancebo,UNK
UNK:Jan Ullrich,Jan Ullrich,UNK
UNK:Ivan Basso,Ivan Basso,UNK
UNK:Sioux Center,Sioux Center,UNK
UNK:DePaul University,DePaul University,UNK
UNK:Navtej Sarna,Navtej Sarna,UNK
UNK:Hamden,Hamden,UNK
UNK:Quinnipiac University,Quinnipiac University,UNK
UNK:Hadley Arkes,Hadley Arkes,UNK
UNK:Amherst College,Amherst College,UNK
UNK:Chaska,Chaska,UNK
UNK:Jupiter,Jupiter,UNK
UNK:Wayzata,Wayzata,UNK
UNK:Gluek,Gluek,UNK
UNK:Port Cargill,Port Cargill,UNK
UNK:Hastings,Hastings,UNK
UNK:Simone de Beauvoir,Simone de Beauvoir,UNK
UNK:Marguerite Duras,Marguerite Duras,UNK
UNK:Juan Rulfo,Juan Rulfo,UNK
UNK:David Emerson,David Emerson,UNK
UNK:Dan Gelber,Dan Gelber,UNK
UNK:J. Alex Villalobos,J. Alex Villalobos,UNK
UNK:Cypress Hills,Cypress Hills,UNK
UNK:Mashhad,Mashhad,UNK
UNK:Bucketty,Bucketty,UNK
UNK:New Jersey Devils,New Jersey Devils,UNK
UNK:Kortrijk,Kortrijk,UNK
UNK:Vincent Kompany,Vincent Kompany,UNK
UNK:Dearborn County,Dearborn County,UNK
UNK:Universal Studios,Universal Studios,UNK
UNK:Tony Allen,Tony Allen,UNK
UNK:Key West,Key West,UNK
UNK:University of Queensland,University of Queensland,UNK
UNK:Queensland University of Technology,Queensland University of Technology,UNK
UNK:I. Magnin,I. Magnin,UNK
UNK:New City,New City,UNK
UNK:Michael Rapino,Michael Rapino,UNK
UNK:Live Nation,Live Nation,UNK
UNK:Ethiopian,Ethiopian,UNK
UNK:H. Lee Scott Jr.,H. Lee Scott Jr.,UNK
UNK:Wal-Mart,Wal-Mart,UNK
UNK:Andechs,Andechs,UNK
UNK:Michelangelo,Michelangelo,UNK
UNK:Edward Luck,Edward Luck,UNK
UNK:Nicole Sullivan,Nicole Sullivan,UNK
UNK:David Baltimore,David Baltimore,UNK
UNK:California Institute of Technology,California Institute of Technology,UNK
UNK:Paul Levitz,Paul Levitz,UNK
UNK:Dan Sheeran,Dan Sheeran,UNK
UNK:RealNetworks,RealNetworks,UNK
UNK:New London County,New London County,UNK
UNK:Groton,Groton,UNK
UNK:Ramallah,Ramallah,UNK
UNK:Salvador Allende,Salvador Allende,UNK
UNK:Crete,Crete,UNK
UNK:Chania,Chania,UNK
UNK:Old Sturbridge Village,Old Sturbridge Village,UNK
UNK:Aquitaine,Aquitaine,UNK
UNK:Pamplona,Pamplona,UNK
UNK:Deltona,Deltona,UNK
UNK:Moab,Moab,UNK
UNK:Christopher Rouse,Christopher Rouse,UNK
UNK:Central Park,Central Park,UNK
UNK:Carine Roitfeld,Carine Roitfeld,UNK
UNK:French Vogue,French Vogue,UNK
UNK:Port Elizabeth,Port Elizabeth,UNK
UNK:Wernher von Braun,Wernher von Braun,UNK
UNK:Huntsville,Huntsville,UNK
UNK:Newburgh,Newburgh,UNK
UNK:Ansbach,Ansbach,UNK
UNK:South Jamaica,South Jamaica,UNK
UNK:Patrick Willis,Patrick Willis,UNK
UNK:Brandon Siler,Brandon Siler,UNK
UNK:Peng Shuai,Peng Shuai,UNK
UNK:Laos,Laos,UNK
UNK:Beach Haven,Beach Haven,UNK
UNK:Camden County,Camden County,UNK
UNK:Giuseppe Rossi,Giuseppe Rossi,UNK
UNK:Sherwood Anderson,Sherwood Anderson,UNK
UNK:Grant Wood,Grant Wood,UNK
UNK:Jeanine Basinger,Jeanine Basinger,UNK
UNK:Wesleyan University,Wesleyan University,UNK
UNK:Jayson Blair,Jayson Blair,UNK
UNK:Collingswood,Collingswood,UNK
UNK:South Orange,South Orange,UNK
UNK:Commack,Commack,UNK
UNK:Morristown,Morristown,UNK
UNK:Jerry Seinfeld,Jerry Seinfeld,UNK
UNK:Pierluigi Collina,Pierluigi Collina,UNK
UNK:Playtone,Playtone,UNK
UNK:Gary Goetzman,Gary Goetzman,UNK
UNK:Tom Hanks,Tom Hanks,UNK
UNK:Livermore,Livermore,UNK
UNK:David Choquehuanca,David Choquehuanca,UNK
UNK:Jawaharlal Nehru,Jawaharlal Nehru,UNK
UNK:Nelson Mandela,Nelson Mandela,UNK
UNK:Benny Morris,Benny Morris,UNK
UNK:Beersheba,Beersheba,UNK
UNK:Solomon,Solomon,UNK
UNK:Marine Park,Marine Park,UNK
UNK:Sheepshead Bay,Sheepshead Bay,UNK
UNK:Proenza Schouler,Proenza Schouler,UNK
UNK:Lazaro Hernandez,Lazaro Hernandez,UNK
UNK:Jack McCollough,Jack McCollough,UNK
UNK:William F. Galvin,William F. Galvin,UNK
UNK:SoHo,SoHo,UNK
UNK:Landstuhl,Landstuhl,UNK
UNK:Kim Ki-duk,Kim Ki-duk,UNK
UNK:Pontevedra,Pontevedra,UNK
UNK:Michael Essien,Michael Essien,UNK
UNK:Cornell Lewis,Cornell Lewis,UNK
UNK:Rosedale,Rosedale,UNK
UNK:Kristian Menchaca,Kristian Menchaca,UNK
UNK:Lake Constance,Lake Constance,UNK
UNK:Mainau,Mainau,UNK
UNK:Yannick Noah,Yannick Noah,UNK
UNK:Joakim Noah,Joakim Noah,UNK
UNK:New Milford,New Milford,UNK
UNK:Skitch Henderson,Skitch Henderson,UNK
UNK:Joyce Mujuru,Joyce Mujuru,UNK
UNK:Jonathan Moyo,Jonathan Moyo,UNK
UNK:Princeton,Princeton,UNK
UNK:York University,York University,UNK
UNK:Lower Saxony,Lower Saxony,UNK
UNK:Creative Artists Agency,Creative Artists Agency,UNK
UNK:Beverly Hills,Beverly Hills,UNK
UNK:Lorne Michaels,Lorne Michaels,UNK
UNK:Broadway Video,Broadway Video,UNK
UNK:Stephen Appiah,Stephen Appiah,UNK
UNK:Roger Milla,Roger Milla,UNK
UNK:Naples,Naples,UNK
UNK:Orem,Orem,UNK
UNK:Steven Dale Green,Steven Dale Green,UNK
UNK:Midland,Midland,UNK
UNK:Azuma,Azuma,UNK
UNK:Islington,Islington,UNK
UNK:Radio City Music Hall,Radio City Music Hall,UNK
UNK:Adam,Adam,UNK
UNK:Cain,Cain,UNK
UNK:Irving Lorenzo,Irving Lorenzo,UNK
UNK:Agnes von Krusenstjerna,Agnes von Krusenstjerna,UNK
UNK:Everglades,Everglades,UNK
UNK:Fremantle,Fremantle,UNK
UNK:John Jay College of Criminal Justice,John Jay College of Criminal Justice,UNK
UNK:Town of Oyster Bay,Town of Oyster Bay,UNK
UNK:Manitoba,Manitoba,UNK
UNK:Churchill,Churchill,UNK
UNK:Nursultan Nazarbayev,Nursultan Nazarbayev,UNK
UNK:Bush,Bush,UNK
UNK:Tottenville,Tottenville,UNK
UNK:Conference House,Conference House,UNK
UNK:Bahia,Bahia,UNK
UNK:Port Chester,Port Chester,UNK
UNK:Steve Case,Steve Case,UNK
UNK:Revolution Health Group,Revolution Health Group,UNK
UNK:Jim Barksdale,Jim Barksdale,UNK
UNK:Marie Antoinette,Marie Antoinette,UNK
UNK:Konrad Adenauer,Konrad Adenauer,UNK
UNK:West Germany,West Germany,UNK
UNK:Lewis & Clark College,Lewis & Clark College,UNK
UNK:Johns Hopkins University,Johns Hopkins University,UNK
UNK:Reed College,Reed College,UNK
UNK:Ferrum,Ferrum,UNK
UNK:Herriman,Herriman,UNK
UNK:Roberto Jefferson,Roberto Jefferson,UNK
UNK:Jacob,Jacob,UNK
UNK:Muhammad Yunus,Muhammad Yunus,UNK
UNK:College Point,College Point,UNK
UNK:Janne Ahonen,Janne Ahonen,UNK
UNK:Simon Ammann,Simon Ammann,UNK
UNK:Tequesta,Tequesta,UNK
UNK:Alfredo Palacio,Alfredo Palacio,UNK
UNK:Eduardo Souto de Moura,Eduardo Souto de Moura,UNK
UNK:Portugal,Portugal,UNK
UNK:Braga,Braga,UNK
UNK:Caravaggio,Caravaggio,UNK
UNK:Landis Valley Museum,Landis Valley Museum,UNK
UNK:Stara Zagora,Stara Zagora,UNK
UNK:Balkans,Balkans,UNK
UNK:Miskolc,Miskolc,UNK
UNK:New Museum of Contemporary Art,New Museum of Contemporary Art,UNK
UNK:North Hampton,North Hampton,UNK
UNK:Tom Loeffler,Tom Loeffler,UNK
UNK:Cary,Cary,UNK
UNK:Marcello Lippi,Marcello Lippi,UNK
UNK:Alberto Gilardino,Alberto Gilardino,UNK
UNK:Francesco Totti,Francesco Totti,UNK
UNK:Gianluigi Buffon,Gianluigi Buffon,UNK
UNK:Varanasi,Varanasi,UNK
UNK:Ayodhya,Ayodhya,UNK
UNK:Chestnut Hill,Chestnut Hill,UNK
UNK:Black Rock,Black Rock,UNK
UNK:Squirrel Hill,Squirrel Hill,UNK
UNK:Curtis Martin,Curtis Martin,UNK
UNK:Mohammad Sidique Khan,Mohammad Sidique Khan,UNK
UNK:Leeds,Leeds,UNK
UNK:Richard Longstreth,Richard Longstreth,UNK
UNK:Dusty Mangum,Dusty Mangum,UNK
UNK:Bailey,Bailey,UNK
UNK:McCloud,McCloud,UNK
UNK:Saltaire,Saltaire,UNK
UNK:Lidia Bastianich,Lidia Bastianich,UNK
UNK:Joseph Bastianich,Joseph Bastianich,UNK
UNK:Tajikistan,Tajikistan,UNK
UNK:John Faso,John Faso,UNK
UNK:M. Susan Chambers,M. Susan Chambers,UNK
UNK:Magalloway River,Magalloway River,UNK
UNK:Brigitte Bardot,Brigitte Bardot,UNK
UNK:Battery Park City,Battery Park City,UNK
UNK:Arcata,Arcata,UNK
UNK:Humboldt State University,Humboldt State University,UNK
UNK:Walden,Walden,UNK
UNK:Ruhr,Ruhr,UNK
UNK:Dominic Ng,Dominic Ng,UNK
UNK:East West Bank,East West Bank,UNK
UNK:George Loewenstein,George Loewenstein,UNK
UNK:Riverside County,Riverside County,UNK
UNK:La Quinta,La Quinta,UNK
UNK:Vusi Mahlasela,Vusi Mahlasela,UNK
UNK:Scott,Scott,UNK
UNK:Conor McPherson,Conor McPherson,UNK
UNK:Ed Fallon,Ed Fallon,UNK
UNK:Lucy Baxley,Lucy Baxley,UNK
UNK:Catskill,Catskill,UNK
UNK:Dan Bartlett,Dan Bartlett,UNK
UNK:ECM,ECM,UNK
UNK:Manfred Eicher,Manfred Eicher,UNK
UNK:Schuylkill River,Schuylkill River,UNK
UNK:Manayunk,Manayunk,UNK
UNK:Dominican Republic,Dominican Republic,UNK
UNK:Cabrera,Cabrera,UNK
UNK:Cobb County,Cobb County,UNK
UNK:Marietta,Marietta,UNK
UNK:Kiran Mazumdar-Shaw,Kiran Mazumdar-Shaw,UNK
UNK:Danielle Darrieux,Danielle Darrieux,UNK
UNK:Montmartre,Montmartre,UNK
UNK:Francisco Franco,Francisco Franco,UNK
UNK:Pollepel Island,Pollepel Island,UNK
UNK:John F. Kennedy,John F. Kennedy,UNK
UNK:Johnson County,Johnson County,UNK
UNK:Olathe,Olathe,UNK
UNK:MidAmerica Nazarene University,MidAmerica Nazarene University,UNK
UNK:Yelena Baturina,Yelena Baturina,UNK
UNK:John Cabot University,John Cabot University,UNK
UNK:Greene,Greene,UNK
UNK:Lygia Clark,Lygia Clark,UNK
UNK:Gary Burton,Gary Burton,UNK
UNK:Berklee College of Music,Berklee College of Music,UNK
UNK:Hamilton County,Hamilton County,UNK
UNK:Patrick Chinamasa,Patrick Chinamasa,UNK
UNK:Edward Said,Edward Said,UNK
UNK:Franklin D. Roosevelt,Franklin D. Roosevelt,UNK
UNK:Mattituck,Mattituck,UNK
UNK:Cutchogue,Cutchogue,UNK
UNK:Arianna Huffington,Arianna Huffington,UNK
UNK:Latham & Watkins,Latham & Watkins,UNK
UNK:Elliott Smith,Elliott Smith,UNK
UNK:Trinidad,Trinidad,UNK
UNK:Suzhou,Suzhou,UNK
UNK:Alan Moorehead,Alan Moorehead,UNK
UNK:Turner Field,Turner Field,UNK
UNK:Kinston,Kinston,UNK
UNK:Mel Brooks,Mel Brooks,UNK
UNK:Max Brooks,Max Brooks,UNK
UNK:Anne Bancroft,Anne Bancroft,UNK
UNK:Richard Cook,Richard Cook,UNK
UNK:Chagrin Falls,Chagrin Falls,UNK
UNK:Hillcrest,Hillcrest,UNK
UNK:Vladimir Lebedev,Vladimir Lebedev,UNK
UNK:Hickam Air Force Base,Hickam Air Force Base,UNK
UNK:Phill Kline,Phill Kline,UNK
UNK:Shawnette,Shawnette,UNK
UNK:House,House,UNK
UNK:Gowanus,Gowanus,UNK
UNK:Hassan Nasrallah,Hassan Nasrallah,UNK
UNK:Somers,Somers,UNK
UNK:Reno,Reno,UNK
UNK:DeAngelo Hall,DeAngelo Hall,UNK
UNK:Delhi,Delhi,UNK
UNK:AKQA,AKQA,UNK
UNK:Mao Zedong,Mao Zedong,UNK
UNK:Pontal,Pontal,UNK
UNK:Kate McGarrigle,Kate McGarrigle,UNK
UNK:Martha Wainwright,Martha Wainwright,UNK
UNK:Postville,Postville,UNK
UNK:Domino Harvey,Domino Harvey,UNK
UNK:Asma Jahangir,Asma Jahangir,UNK
UNK:Ocean Hill,Ocean Hill,UNK
UNK:Manila,Manila,UNK
UNK:Shaukat Aziz,Shaukat Aziz,UNK
UNK:El Salvador,El Salvador,UNK
UNK:Joshua Landis,Joshua Landis,UNK
UNK:University of Oklahoma,University of Oklahoma,UNK
UNK:Paul Tergat,Paul Tergat,UNK
UNK:Margaret Okayo,Margaret Okayo,UNK
UNK:Lornah Kiplagat,Lornah Kiplagat,UNK
UNK:Timothy Cherigat,Timothy Cherigat,UNK
UNK:Rincon Hill,Rincon Hill,UNK
UNK:Benazir Bhutto,Benazir Bhutto,UNK
UNK:Redway,Redway,UNK
UNK:Penobscot,Penobscot,UNK
UNK:Penobscot River,Penobscot River,UNK
UNK:Riccardo Zandonai,Riccardo Zandonai,UNK
UNK:Tristan Murail,Tristan Murail,UNK
UNK:Harry Mitchell,Harry Mitchell,UNK
UNK:J. D. Hayworth,J. D. Hayworth,UNK
UNK:Kaduna,Kaduna,UNK
UNK:Webb County,Webb County,UNK
UNK:Laredo,Laredo,UNK
UNK:Green,Green,UNK
UNK:DirecTV,DirecTV,UNK
UNK:Alfred Sisley,Alfred Sisley,UNK
UNK:Roya Hakakian,Roya Hakakian,UNK
UNK:Klaus Kleinfeld,Klaus Kleinfeld,UNK
UNK:Alcoa,Alcoa,UNK
UNK:Howard County,Howard County,UNK
UNK:Jason Schwartzman,Jason Schwartzman,UNK
UNK:Bruce Greenwald,Bruce Greenwald,UNK
UNK:Eastford,Eastford,UNK
UNK:Morgan Tsvangirai,Morgan Tsvangirai,UNK
UNK:Dongzhou,Dongzhou,UNK
UNK:South Padre Island,South Padre Island,UNK
UNK:Spirit Lake,Spirit Lake,UNK
UNK:Mountain Home,Mountain Home,UNK
UNK:Louisa,Louisa,UNK
UNK:Hamptons,Hamptons,UNK
UNK:Wolfgang Puck,Wolfgang Puck,UNK
UNK:Coimbra,Coimbra,UNK
UNK:Florida State University,Florida State University,UNK
UNK:Stonington,Stonington,UNK
UNK:Rob Simmons,Rob Simmons,UNK
UNK:Majid Khan,Majid Khan,UNK
UNK:Shoshana Damari,Shoshana Damari,UNK
UNK:Moshe Katsav,Moshe Katsav,UNK
UNK:John Spencer,John Spencer,UNK
UNK:Senate,Senate,UNK
UNK:Gejiu,Gejiu,UNK
UNK:Glenn Cunningham,Glenn Cunningham,UNK
UNK:Cheltenham,Cheltenham,UNK
UNK:Elizabeth Cheney,Elizabeth Cheney,UNK
UNK:Howard Baker,Howard Baker,UNK
UNK:Alex Fernandez,Alex Fernandez,UNK
UNK:Richard M. Kovacevich,Richard M. Kovacevich,UNK
UNK:Wells Fargo,Wells Fargo,UNK
UNK:Shelley Berkley,Shelley Berkley,UNK
UNK:Atlixco,Atlixco,UNK
UNK:Sam Walton,Sam Walton,UNK
UNK:Elevation Partners,Elevation Partners,UNK
UNK:Bono,Bono,UNK
UNK:Bashkortostan,Bashkortostan,UNK
UNK:Jonathan I. Schwartz,Jonathan I. Schwartz,UNK
UNK:Sun Microsystems,Sun Microsystems,UNK
UNK:Brad Ference,Brad Ference,UNK
UNK:West Town,West Town,UNK
UNK:University of South Florida,University of South Florida,UNK
UNK:Ceyhan,Ceyhan,UNK
UNK:Baku,Baku,UNK
UNK:Azerbaijan,Azerbaijan,UNK
UNK:Alice Waters,Alice Waters,UNK
UNK:William Blake,William Blake,UNK
UNK:William Godwin,William Godwin,UNK
UNK:Pol Pot,Pol Pot,UNK
UNK:Little Rock,Little Rock,UNK
UNK:Orval Faubus,Orval Faubus,UNK
UNK:Stephen Elop,Stephen Elop,UNK
UNK:Macromedia,Macromedia,UNK
UNK:Glen Rose,Glen Rose,UNK
UNK:Fossil Rim Wildlife Center,Fossil Rim Wildlife Center,UNK
UNK:Pete Domenici,Pete Domenici,UNK
UNK:Rita Jeptoo,Rita Jeptoo,UNK
UNK:Omo River,Omo River,UNK
UNK:Zambia,Zambia,UNK
UNK:Livingstone,Livingstone,UNK
UNK:Coal Harbour,Coal Harbour,UNK
UNK:Kosovo,Kosovo,UNK
UNK:Vranje,Vranje,UNK
UNK:Kahuku,Kahuku,UNK
UNK:Kevin P. Ryan,Kevin P. Ryan,UNK
UNK:DoubleClick,DoubleClick,UNK
UNK:Ellen Siminoff,Ellen Siminoff,UNK
UNK:Efficient Frontier,Efficient Frontier,UNK
UNK:Eaton Vance,Eaton Vance,UNK
UNK:Massapequa Park,Massapequa Park,UNK
UNK:Clarkstown,Clarkstown,UNK
UNK:Dobbs Ferry,Dobbs Ferry,UNK
UNK:Eva Braun,Eva Braun,UNK
UNK:Joseph R. Perella,Joseph R. Perella,UNK
UNK:Perella Weinberg Partners,Perella Weinberg Partners,UNK
UNK:Catalonia,Catalonia,UNK
UNK:Maurice de Vlaminck,Maurice de Vlaminck,UNK
UNK:Normandy,Normandy,UNK
UNK:Simon Gray,Simon Gray,UNK
UNK:Kaohsiung,Kaohsiung,UNK
UNK:Hadera,Hadera,UNK
UNK:Romano Prodi,Romano Prodi,UNK
UNK:Assam,Assam,UNK
UNK:Hanover,Hanover,UNK
UNK:Mekong,Mekong,UNK
UNK:Siem Reap,Siem Reap,UNK
UNK:Luang Prabang,Luang Prabang,UNK
UNK:Yunnan,Yunnan,UNK
UNK:Jinghong,Jinghong,UNK
UNK:Chiang Mai,Chiang Mai,UNK
UNK:Ahmed Ali,Ahmed Ali,UNK
UNK:LeBron James,LeBron James,UNK
UNK:Mexicali,Mexicali,UNK
UNK:Bernardo Provenzano,Bernardo Provenzano,UNK
UNK:Corleone,Corleone,UNK
UNK:Palermo,Palermo,UNK
UNK:Regensburg,Regensburg,UNK
UNK:Voghera,Voghera,UNK
UNK:Rolling Stone,Rolling Stone,UNK
UNK:Jann Wenner,Jann Wenner,UNK
UNK:Steve Wynn,Steve Wynn,UNK
UNK:Zoe Cruz,Zoe Cruz,UNK
UNK:Ryman Auditorium,Ryman Auditorium,UNK
UNK:Gerry,Gerry,UNK
UNK:Salem,Salem,UNK
UNK:Katsuya Okada,Katsuya Okada,UNK
UNK:Sapporo,Sapporo,UNK
UNK:Al Sharpton,Al Sharpton,UNK
UNK:Ron Gonzales,Ron Gonzales,UNK
UNK:Orono,Orono,UNK
UNK:Jack Welch,Jack Welch,UNK
UNK:St. Pauli,St. Pauli,UNK
UNK:Alexander McQueen,Alexander McQueen,UNK
UNK:Gucci,Gucci,UNK
UNK:Atherton,Atherton,UNK
UNK:Chipper Jones,Chipper Jones,UNK
UNK:Doris,Doris,UNK
UNK:Jonesborough,Jonesborough,UNK
UNK:Northwest,Northwest,UNK
UNK:Vijay Singh,Vijay Singh,UNK
UNK:Fiji,Fiji,UNK
UNK:Mike Weir,Mike Weir,UNK
UNK:Brad Silverberg,Brad Silverberg,UNK
UNK:Newtown,Newtown,UNK
UNK:New Canaan,New Canaan,UNK
UNK:Deh Rawood,Deh Rawood,UNK
UNK:Toby Lenk,Toby Lenk,UNK
UNK:Gap Inc.,Gap Inc.,UNK
UNK:Random House,Random House,UNK
UNK:Bennett Cerf,Bennett Cerf,UNK
UNK:Lake Placid,Lake Placid,UNK
UNK:Auckland,Auckland,UNK
UNK:Asheville,Asheville,UNK
UNK:Eliada Home,Eliada Home,UNK
UNK:Rindge,Rindge,UNK
UNK:Franklin Pierce College,Franklin Pierce College,UNK
UNK:Pacific Palisades,Pacific Palisades,UNK
UNK:Getty Villa,Getty Villa,UNK
UNK:Cleveland Indians,Cleveland Indians,UNK
UNK:Cleveland State University,Cleveland State University,UNK
UNK:Idlewild,Idlewild,UNK
UNK:Austin Leslie,Austin Leslie,UNK
UNK:John Nash,John Nash,UNK
UNK:Eric Gioia,Eric Gioia,UNK
UNK:Richard Prum,Richard Prum,UNK
UNK:Tangshan,Tangshan,UNK
UNK:Dakar,Dakar,UNK
UNK:Levy Mwanawasa,Levy Mwanawasa,UNK
UNK:Howard Schultz,Howard Schultz,UNK
UNK:Starbucks,Starbucks,UNK
UNK:North-West Frontier Province,North-West Frontier Province,UNK
UNK:Orrin Hatch,Orrin Hatch,UNK
UNK:Renzo Piano,Renzo Piano,UNK
UNK:Enrique Morente,Enrique Morente,UNK
UNK:Granada,Granada,UNK
UNK:Bob Dole,Bob Dole,UNK
UNK:St. Cloud,St. Cloud,UNK
UNK:Guanabacoa,Guanabacoa,UNK
UNK:Jonathan Littell,Jonathan Littell,UNK
UNK:Bormio,Bormio,UNK
UNK:Kaori Momoi,Kaori Momoi,UNK
UNK:Andrei Kivilev,Andrei Kivilev,UNK
UNK:University of Texas Medical Branch,University of Texas Medical Branch,UNK
UNK:Peter Jennings,Peter Jennings,UNK
UNK:Berlin Wall,Berlin Wall,UNK
